,BLEU,chrF,TER,BERTScore,WER,CER,ROUGE-1,ROUGE-2,ROUGE-L
Qwen2.5-0.5B-Instruct,0.8136380730993337,15.753776531236152,741.505968778696,0.09237685054540634,7.4178147315979,5.993098735809326,0.007236997904429775,0.0016117216117216115,0.007236997904429775
