,BLEU,chrF,TER,BERTScore,WER,CER,ROUGE-1,ROUGE-2,ROUGE-L
Qwen2.5-0.5B-Instruct,0.7848745588196224,18.311459311315815,656.7849686847599,-0.3059394955635071,6.582463264465332,6.6870551109313965,0.10409515089211485,0.020401916347298328,0.07872452750627151
