,BLEU,chrF,TER,BERTScore,WER,CER,ROUGE-1,ROUGE-2,ROUGE-L
Qwen2.5-0.5B-Instruct,2.344347177254504,21.596674292550066,796.5056526207605,-0.12839917838573456,7.998972415924072,8.028788566589355,0.1302060726246349,0.057704742179945666,0.10577558798799709
