,BLEU,chrF,TER,BERTScore,WER,CER,ROUGE-1,ROUGE-2,ROUGE-L
Qwen2.5-0.5B-Instruct,0.01860462634267519,1.451838274318778,1092.2273781902552,-0.6291527152061462,10.922273635864258,8.336929321289062,0.00220855666345153,0.0001762114537444934,0.0020233714782663444
