,BLEU,chrF,TER,BERTScore,WER,CER,ROUGE-1,ROUGE-2,ROUGE-L
Qwen2.5-0.5B-Instruct,0.0227557656618708,0.24473746918452036,1300.70323488045,-0.8491188287734985,13.00703239440918,12.082167625427246,0.0036772917473131407,0.000618386080823772,0.0036772917473131407
