,BLEU,chrF,TER,BERTScore,WER,CER,ROUGE-1,ROUGE-2,ROUGE-L
Qwen2.5-0.5B-Instruct,0.135585341638234,10.42570166530781,1160.7990012484395,-0.39613351225852966,11.61048698425293,10.02615737915039,0.037298371474224115,0.002661728707641626,0.028021096196430527
