,BLEU,chrF,TER,BERTScore,WER,CER,ROUGE-1,ROUGE-2,ROUGE-L
Qwen2.5-0.5B-Instruct,0.6135080354159719,16.50409830135261,949.0460157126824,-0.3214944005012512,9.501683235168457,7.7037672996521,0.054302252957858475,0.01500886396895834,0.04197924112657137
