,BLEU,chrF,TER,BERTScore,WER,CER,ROUGE-1,ROUGE-2,ROUGE-L
Qwen2.5-0.5B-Instruct,0.11568110799933935,12.893990916111328,1174.731182795699,-0.48836368322372437,11.74731159210205,8.554915428161621,0.03440773155301513,0.007121956880629392,0.02934423238396937
