,BLEU,chrF,TER,BERTScore,WER,CER,ROUGE-1,ROUGE-2,ROUGE-L
Qwen2.5-0.5B-Instruct,0.065520416092758,5.73244131680463,8716.45569620253,-0.09515213221311569,87.16455841064453,16.671781539916992,0.013769474725498816,0.004173678655409804,0.013570469750374438
