,BLEU,chrF,TER,BERTScore,WER,CER,ROUGE-1,ROUGE-2,ROUGE-L
Qwen2.5-0.5B-Instruct,1.1185980393475745,18.366813360981823,752.3093447905478,-0.25063955783843994,7.548871994018555,7.1388840675354,0.09233184669245295,0.022858707717297887,0.06948103490378098
