,BLEU,chrF,TER,BERTScore,WER,CER,ROUGE-1,ROUGE-2,ROUGE-L
Qwen2.5-0.5B-Instruct,0.12934534713160217,11.330066406934106,403.27237728585175,-0.6100147366523743,4.047160625457764,4.101315975189209,0.11079843443207368,0.008171328484466929,0.08654265368965978
