,BLEU,chrF,TER,BERTScore,WER,CER,ROUGE-1,ROUGE-2,ROUGE-L
Qwen2.5-0.5B-Instruct,0.12960688640505252,7.934012226496984,282.8776978417266,-0.7941448092460632,2.8330936431884766,2.532508373260498,0.1269989320637994,0.004307286915982568,0.10897369160650605
