,BLEU,chrF,TER,BERTScore,WER,CER,ROUGE-1,ROUGE-2,ROUGE-L
Qwen2.5-0.5B-Instruct,1.3446454156824863,20.700747050842537,782.2401614530777,-0.18600833415985107,7.843592166900635,7.429779529571533,0.10746862860261809,0.03530648944742072,0.07831018756175863
