,BLEU,chrF,TER,BERTScore,WER,CER,ROUGE-1,ROUGE-2,ROUGE-L
Qwen2.5-0.5B-Instruct,3.9131197418063293,31.18480906243853,434.9206349206349,-0.2193746715784073,4.404151439666748,4.414209365844727,0.2383160555828585,0.09607629462076642,0.174464805221262
