,BLEU,chrF,TER,BERTScore,WER,CER,ROUGE-1,ROUGE-2,ROUGE-L
Qwen2.5-0.5B-Instruct,2.3440114048081955,23.99010476458749,577.710386656558,-0.45086386799812317,5.808946132659912,5.664198875427246,0.22798148153741946,0.07589199257936646,0.1683602758415937
