,BLEU,chrF,TER,BERTScore,WER,CER,ROUGE-1,ROUGE-2,ROUGE-L
Qwen2.5-0.5B-Instruct,0.436420066802474,15.870138712771173,772.9641693811075,-0.2735251784324646,7.7459282875061035,7.944424152374268,0.08547479766583034,0.00935847738096215,0.06432143094781786
