,BLEU,chrF,TER,BERTScore,WER,CER,ROUGE-1,ROUGE-2,ROUGE-L
Qwen2.5-0.5B-Instruct,0.7738574247541328,17.052087643841578,1076.558603491272,-0.19707244634628296,10.781795501708984,8.646449089050293,0.06437973316740077,0.021798433508475906,0.054233641304804826
