,BLEU,chrF,TER,BERTScore,WER,CER,ROUGE-1,ROUGE-2,ROUGE-L
Qwen2.5-0.5B-Instruct,0.2044345021615938,12.461543634042432,1506.810631229236,-0.35275304317474365,15.068106651306152,9.814920425415039,0.0214849432188626,0.0021928737358681764,0.01724031788547438
