,BLEU,chrF,TER,BERTScore,WER,CER,ROUGE-1,ROUGE-2,ROUGE-L
Microsoft Phi,0.36734636525811504,13.165669335395256,916.6753789858861,-0.3030507564544678,9.184003829956055,9.27276611328125,0.062086670440024784,0.0067952958029925134,0.050860774639057825
