,BLEU,chrF,TER,BERTScore,WER,CER,ROUGE-1,ROUGE-2,ROUGE-L
Microsoft Phi,0.08385669186298932,12.579438975808047,546.5573770491803,-0.6909130215644836,5.472131252288818,5.009300231933594,0.08732816750322947,0.002768715592478117,0.0743983973549419
