,BLEU,chrF,TER,BERTScore,WER,CER,ROUGE-1,ROUGE-2,ROUGE-L
Microsoft Phi,1.0340574072763633,16.012403398201577,258.62220272049143,-0.46008607745170593,2.603773593902588,2.469475269317627,0.19944782137123185,0.041464463947357026,0.16108148068054212
