,BLEU,chrF,TER,BERTScore,WER,CER,ROUGE-1,ROUGE-2,ROUGE-L
Microsoft Phi,1.276272531348735,16.779795999507492,849.6841155234657,-0.361385315656662,8.48962116241455,7.177237510681152,0.05675473256848939,0.023802131062332803,0.05118248812710389
