,BLEU,chrF,TER,BERTScore,WER,CER,ROUGE-1,ROUGE-2,ROUGE-L
Microsoft Phi,0.0616979580555369,13.190723434612512,514.0639269406392,-0.5493119955062866,5.15159797668457,4.8850202560424805,0.08351133475790176,0.0038396717256974754,0.07232034583305366
