,BLEU,chrF,TER,BERTScore,WER,CER,ROUGE-1,ROUGE-2,ROUGE-L
gemma2-9b-it (Google),16.070297052638594,52.06366442938551,131.01903695408734,0.5014918446540833,1.372900366783142,1.1023720502853394,0.4804988818112539,0.2739719294193574,0.4095015983990026
gemma-7b-it (Google),15.5060349380789,46.18158394211529,82.79751833051326,0.5638545155525208,0.8871968388557434,0.6929553151130676,0.4963499604123037,0.21746400183752426,0.41329913945192603
llama3-groq-70b-8192-tool-use-preview (Groq),25.592725328747207,55.76561612410932,68.92497200447927,0.6801563501358032,0.7486002445220947,0.5710170269012451,0.6002803149157764,0.3244663376777803,0.5115793335149456
llama3-groq-8b-8192-tool-use-preview (Groq),15.444459760324047,49.19364778248198,94.96080627099664,0.5229566693305969,1.0123180150985718,0.8098530769348145,0.5043339104064956,0.23710543768120307,0.40890095398913173
llama-3.1-70b-versatile (Meta),31.228094724540792,59.34196090755388,60.13437849944009,0.7265751361846924,0.6679731011390686,0.49457409977912903,0.64076156475795,0.3774290275626408,0.5595895344331576
llama-3.1-8b-instant (Meta),22.17749408211704,54.30059196729346,77.32362821948489,0.6404527425765991,0.8404255509376526,0.6625372171401978,0.5839703595674065,0.31192352351397823,0.48763405988358427
mixtral-8x7b-32768 (Mistral),11.467469651602238,45.50889781030819,125.13997760358342,0.5440918803215027,1.3118700981140137,1.0942091941833496,0.47836853445485816,0.2094373942215469,0.38661251570502
llama-3.2-90b-vision-preview (Meta),30.78035615141666,59.03816070311822,60.694288913773796,0.7244376540184021,0.6769316792488098,0.5044655799865723,0.6389075934769165,0.3705495422016435,0.5549818952737292
