,BLEU,chrF,TER,BERTScore,WER,CER,ROUGE-1,ROUGE-2,ROUGE-L
gemma2-9b-it (Google),16.20085971621843,52.18614736868549,123.52326189231573,0.4614371359348297,1.2906429767608643,0.9991376399993896,0.4660046997849971,0.25978227640658536,0.40943595201232924
gemma-7b-it (Google),15.420831000927777,45.6059278033879,78.63968521641371,0.5334135293960571,0.8302416801452637,0.6351526379585266,0.4895492833197421,0.2176266793958687,0.4247767958390927
llama3-groq-70b-8192-tool-use-preview (Groq),22.965131504943574,53.7552659683371,71.09252483010977,0.6506418585777283,0.7501307129859924,0.5856329798698425,0.5869466270842056,0.3171877066735838,0.5200650738832122
llama3-groq-8b-8192-tool-use-preview (Groq),18.90179059879925,51.05177994053566,81.39048614741245,0.5558066368103027,0.8557239770889282,0.6600552201271057,0.5361705646045164,0.2636092291431272,0.4669998082388764
llama-3.1-70b-versatile (Meta),30.040733409621645,57.94915873700278,57.187663355985364,0.7238407731056213,0.623627781867981,0.45351845026016235,0.6468500968514073,0.39166928975962484,0.5855198445130059
llama-3.1-8b-instant (Meta),17.763490172742582,51.7249523194833,96.18400418191322,0.6064402461051941,1.009932041168213,0.834339439868927,0.5580660500033002,0.30395562710172686,0.4979323723147263
mixtral-8x7b-32768 (Mistral),11.610978512363038,45.50906406432515,143.17825405122844,0.49723708629608154,1.472556233406067,1.295015573501587,0.4598427490476714,0.22914470554503327,0.4081466208043292
llama-3.2-90b-vision-preview (Meta),29.438472459110777,57.73051618170797,58.024046001045484,0.7243644595146179,0.6314688920974731,0.456450492143631,0.6420926548190994,0.3883384874822686,0.5814366992811725
