,BLEU,chrF,TER,BERTScore,WER,CER,ROUGE-1,ROUGE-2,ROUGE-L
Microsoft Phi,2.083147259318009,26.601479924827977,323.3974358974359,-0.25772175192832947,3.2618589401245117,3.0703470706939697,0.23812525462414105,0.07775664468529615,0.18602443311148942
