,BLEU,chrF,TER,BERTScore,WER,CER,ROUGE-1,ROUGE-2,ROUGE-L
Microsoft Phi,0.4837827568098531,14.012148260138495,968.1574239713775,-0.25616976618766785,9.699462890625,9.311725616455078,0.06369188098011358,0.01146591890077534,0.052139352491012717
