,BLEU,chrF,TER,BERTScore,WER,CER,ROUGE-1,ROUGE-2,ROUGE-L
Microsoft Phi,2.179012747591437,20.95507235335094,836.8602362204724,-0.11394297331571579,8.408464431762695,8.738289833068848,0.16622807400689552,0.07653138102487633,0.13688051548405647
