,BLEU,chrF,TER,BERTScore,WER,CER,ROUGE-1,ROUGE-2,ROUGE-L
Microsoft Phi,0.2854067327124707,13.61732986430627,929.5431976166832,-0.3256162703037262,9.311817169189453,9.450230598449707,0.06970213716595414,0.010953973789251052,0.05442108081122324
