,BLEU,chrF,TER,BERTScore,WER,CER,ROUGE-1,ROUGE-2,ROUGE-L
Qwen2.5-1.5B-Instruct,0.2709761020900831,13.131993420146765,1441.860465116279,-0.3659522235393524,14.423587799072266,9.57137393951416,0.02399137693567093,0.00558508253456641,0.02080054734305157
