,BLEU,chrF,TER,BERTScore,WER,CER,ROUGE-1,ROUGE-2,ROUGE-L
Qwen2.5-1.5B-Instruct,1.1566512222591794,18.373543772565284,1089.4014962593517,-0.16329431533813477,10.905237197875977,9.005802154541016,0.07594198879956149,0.030764921798962355,0.06427027910163836
