,BLEU,chrF,TER,BERTScore,WER,CER,ROUGE-1,ROUGE-2,ROUGE-L
Qwen2.5-1.5B-Instruct,0.9917105510127514,11.894275026176564,839.1184573002755,-0.1173534169793129,8.39577579498291,6.7494049072265625,0.004875652279482466,0.0010848150935822169,0.004875652279482466
