,BLEU,chrF,TER,BERTScore,WER,CER,ROUGE-1,ROUGE-2,ROUGE-L
Qwen2.5-1.5B-Instruct,0.874488661017845,18.36251727212459,902.2446689113356,-0.2548554539680481,9.033670425415039,7.47537899017334,0.06952152138916781,0.024284624222712495,0.05327393885308923
