,BLEU,chrF,TER,BERTScore,WER,CER,ROUGE-1,ROUGE-2,ROUGE-L
Qwen2.5-1.5B-Instruct,3.2748736030720558,25.254173763660066,780.8838643371017,-0.04438580200076103,7.850976467132568,7.965005874633789,0.16646776295908597,0.08554366362746384,0.13382060738851684
