,BLEU,chrF,TER,BERTScore,WER,CER,ROUGE-1,ROUGE-2,ROUGE-L
Qwen2.5-1.5B-Instruct,0.8541598554468581,18.501932582614717,693.2150313152401,-0.25366389751434326,6.960333824157715,7.281723499298096,0.1141697878028518,0.02819968186491624,0.08565467303608174
