,BLEU,chrF,TER,BERTScore,WER,CER,ROUGE-1,ROUGE-2,ROUGE-L
Qwen2.5-1.5B-Instruct,1.3618138676655505,19.711143341861035,727.2529858849077,-0.20035503804683685,7.301846027374268,7.672539234161377,0.12373991336293906,0.04130618187305326,0.09785597586046312
