,BLEU,chrF,TER,BERTScore,WER,CER,ROUGE-1,ROUGE-2,ROUGE-L
Qwen2.5-1.5B-Instruct,0.05654701733722426,5.635269017796035,9079.746835443038,-0.15068823099136353,90.79747009277344,16.908615112304688,0.011567409865376688,0.004460834425292495,0.011567409865376688
