,BLEU,chrF,TER,BERTScore,WER,CER,ROUGE-1,ROUGE-2,ROUGE-L
Qwen2.5-1.5B-Instruct,0.16322711520103034,13.871841096040638,1134.1397849462367,-0.34439000487327576,11.341398239135742,8.397371292114258,0.039420095474351796,0.008525606253693724,0.03273128986666183
