,BLEU,chrF,TER,BERTScore,WER,CER,ROUGE-1,ROUGE-2,ROUGE-L
Qwen2.5-1.5B-Instruct,3.4641657629988036,26.659452894179335,552.8430629264594,-0.3980623483657837,5.569370746612549,5.4472174644470215,0.24784082364097518,0.1036734813452443,0.19644585594065883
