,BLEU,chrF,TER,BERTScore,WER,CER,ROUGE-1,ROUGE-2,ROUGE-L
Qwen2.5-1.5B-Instruct,0.032519870399806215,2.5036855023883966,995.6399437412095,-0.28469914197921753,9.956398963928223,9.22740364074707,0.007846737566617164,0.0013538095956728683,0.007846737566617164
