,BLEU,chrF,TER,BERTScore,WER,CER,ROUGE-1,ROUGE-2,ROUGE-L
Qwen2.5-1.5B-Instruct,0.4435360553021367,13.142389567274906,419.28057553956836,-0.7022272348403931,4.2071943283081055,3.918728828430176,0.13425969003161928,0.01398139947709785,0.10658874112101842
