,BLEU,chrF,TER,BERTScore,WER,CER,ROUGE-1,ROUGE-2,ROUGE-L
Qwen2.5-1.5B-Instruct,0.1913141556850597,16.88707458469454,520.4042348411934,-0.50395667552948,5.220404148101807,5.128711223602295,0.13632232863662408,0.015078522635278898,0.09435976600903856
