,BLEU,chrF,TER,BERTScore,WER,CER,ROUGE-1,ROUGE-2,ROUGE-L
Qwen2.5-1.5B-Instruct,2.3021479585444373,23.61379209767412,692.9108485499463,-0.14627118408679962,6.957035541534424,6.735596656799316,0.13662322572802696,0.051871310060005026,0.10509455922594241
