,BLEU,chrF,TER,BERTScore,WER,CER,ROUGE-1,ROUGE-2,ROUGE-L
Qwen2.5-1.5B-Instruct,1.6596013253746038,21.007928049245624,799.1927346115036,-0.18813514709472656,8.004035949707031,7.593520641326904,0.10206561607762181,0.043161794454861305,0.08157017078829133
