,BLEU,chrF,TER,BERTScore,WER,CER,ROUGE-1,ROUGE-2,ROUGE-L
Qwen2.5-1.5B-Instruct,5.885865645991755,35.56202549928357,335.16483516483515,-0.2609384059906006,3.4065933227539062,3.822481870651245,0.3081870588844911,0.1433525420071741,0.24254719242690334
