,BLEU,chrF,TER,BERTScore,WER,CER,ROUGE-1,ROUGE-2,ROUGE-L
Qwen2.5-1.5B-Instruct,0.4549076016080419,12.39081181777723,1064.1697877652934,-0.2440517246723175,10.644194602966309,9.307498931884766,0.06088800975495194,0.012755364708688027,0.046028910040178644
