,BLEU,chrF,TER,BERTScore,WER,CER,ROUGE-1,ROUGE-2,ROUGE-L
Qwen2.5-1.5B-Instruct,0.01897532404035612,2.3605272050594612,1079.5823665893272,-0.41720500588417053,10.79582405090332,8.395830154418945,0.0020765175595598077,0.00017391304347826088,0.001880439128187259
