,BLEU,chrF,TER,BERTScore,WER,CER,ROUGE-1,ROUGE-2,ROUGE-L
OLMo-1B-0724-hf,0.044847449060217905,0.47524826236138557,349.7732426303855,-0.7003560066223145,3.497732400894165,2.6581833362579346,0.006780563400138311,0.0013038046813360217,0.006558341177916089
