,BLEU,chrF,TER,BERTScore,WER,CER,ROUGE-1,ROUGE-2,ROUGE-L
OLMo-1B-0724-hf,0.3511354167260003,15.622599333597096,473.29992841803863,-0.3496354818344116,4.735862731933594,3.7185568809509277,0.07275894947299202,0.010804854045271785,0.062233806339182476
