,BLEU,chrF,TER,BERTScore,WER,CER,ROUGE-1,ROUGE-2,ROUGE-L
OLMo-1B-0724-hf,2.486932783531832,27.683636796957433,387.298747763864,-0.14659838378429413,3.8992247581481934,3.4495251178741455,0.16994517252414443,0.05893989241212747,0.13904078760862182
