,BLEU,chrF,TER,BERTScore,WER,CER,ROUGE-1,ROUGE-2,ROUGE-L
OLMo-1B-0724-hf,0.09082008819793783,5.20665241318903,4616.783216783217,-0.09475387632846832,46.16783142089844,7.953680038452148,0.023033297285290463,0.008473054558811852,0.023033297285290463
