,BLEU,chrF,TER,BERTScore,WER,CER,ROUGE-1,ROUGE-2,ROUGE-L
OLMo-1B-0724-hf,4.892022602552385,32.04954524198762,322.1890971039182,-0.33195236325263977,3.2768313884735107,3.0425777435302734,0.33307827074445134,0.16120797023455066,0.2864545241272605
