,BLEU,chrF,TER,BERTScore,WER,CER,ROUGE-1,ROUGE-2,ROUGE-L
OLMo-1B-0724-hf,0.5103257773903767,16.808842143542872,281.358189081225,-0.6624841094017029,2.8282289505004883,2.472316026687622,0.1460819785677709,0.019478073037196942,0.12331786627256491
