,BLEU,chrF,TER,BERTScore,WER,CER,ROUGE-1,ROUGE-2,ROUGE-L
OLMo-1B-0724-hf,0.19646425769326897,16.45214676195468,593.961038961039,-0.4768467843532562,5.941558361053467,3.941309928894043,0.043274335357847464,0.011044303808107106,0.041282819724155144
