,BLEU,chrF,TER,BERTScore,WER,CER,ROUGE-1,ROUGE-2,ROUGE-L
OLMo-1B-0724-hf,3.115089278411898,26.072656608504115,359.98252512013977,-0.15483398735523224,3.604193925857544,3.1747677326202393,0.10259392965053599,0.04071748543336872,0.0894402967216798
