,BLEU,chrF,TER,BERTScore,WER,CER,ROUGE-1,ROUGE-2,ROUGE-L
OLMo-1B-0724-hf,0.34872491446284754,16.008752982555276,277.6133209990749,-0.4886345863342285,2.7918593883514404,2.549440622329712,0.12338596669643717,0.012904076835249361,0.09979974089727285
