,BLEU,chrF,TER,BERTScore,WER,CER,ROUGE-1,ROUGE-2,ROUGE-L
OLMo-1B-0724-hf,4.246348729865824,31.199937030641937,326.34605331939366,-0.10198564827442169,3.2984840869903564,3.3019144535064697,0.24052609187780824,0.09427369965994735,0.20009167282264098
