,BLEU,chrF,TER,BERTScore,WER,CER,ROUGE-1,ROUGE-2,ROUGE-L
OLMo-1B-0724-hf,3.7595455112331804,26.29184942803237,295.89350180505414,-0.21509693562984467,2.9643502235412598,2.1647861003875732,0.07784267814917332,0.036907888145332295,0.07369907717722737
