,BLEU,chrF,TER,BERTScore,WER,CER,ROUGE-1,ROUGE-2,ROUGE-L
OLMo-1B-0724-hf,2.1945233540870523,20.22834335852047,348.5621269669018,0.08469206094741821,3.489962100982666,2.7119357585906982,0.007900821684768921,0.0013259803921568626,0.007900821684768921
