,BLEU,chrF,TER,BERTScore,WER,CER,ROUGE-1,ROUGE-2,ROUGE-L
OLMo-1B-0724-hf,1.0033534767558143,22.576337092771283,350.8937437934459,-0.2527449429035187,3.527308940887451,3.30716609954834,0.12904033917271118,0.02880231470534865,0.09973219498937295
