,BLEU,chrF,TER,BERTScore,WER,CER,ROUGE-1,ROUGE-2,ROUGE-L
OLMo-1B-0724-hf,9.159838602354025,35.853844453753915,136.9551282051282,-0.20400890707969666,1.4150640964508057,1.33955979347229,0.38963447185754574,0.17246274286500843,0.3206962078400253
