,BLEU,chrF,TER,BERTScore,WER,CER,ROUGE-1,ROUGE-2,ROUGE-L
OLMo-1B-0724-hf,1.2626365263090515,28.859006794159786,422.9495268138801,-0.05677524954080582,4.240536212921143,2.4904134273529053,0.13259276938892778,0.04626713484247901,0.12090152095496715
