,BLEU,chrF,TER,BERTScore,WER,CER,ROUGE-1,ROUGE-2,ROUGE-L
OLMo-1B-0724-hf,6.755225684771849,35.968229460346464,365.64960629921256,0.05825164169073105,3.6988189220428467,3.5590403079986572,0.2806433265459641,0.14550790791929452,0.2410556462543614
