,BLEU,chrF,TER,BERTScore,WER,CER,ROUGE-1,ROUGE-2,ROUGE-L
OLMo-1B-0724-hf,2.3912235945339093,27.825015465145146,362.86366229321163,-0.08817241340875626,3.6434683799743652,2.5366477966308594,0.1476249194856174,0.06015737417496263,0.13081822504600232
