,BLEU,chrF,TER,BERTScore,WER,CER,ROUGE-1,ROUGE-2,ROUGE-L
OLMo-1B-0724-hf,0.0669334528405987,0.5035895605133871,429.20110192837467,-0.7785733938217163,4.29201078414917,3.86527419090271,0.013764929376768417,0.002432842293680347,0.013238613587294732
