,BLEU,chrF,TER,BERTScore,WER,CER,ROUGE-1,ROUGE-2,ROUGE-L
gemma2-9b-it (Google) - Prompt 1,0.1676530479801735,9.500506673969316,1362.0181405895692,0.1354677528142929,tensor(13.6253),tensor(12.6086),0.017719848447364586,0.002584235209235209,0.017719848447364586
gemma-7b-it (Google) - Prompt 1,0.16333652558554532,3.8739652832988054,112.86848072562358,-0.5443862676620483,tensor(1.1310),tensor(0.9575),0.06323401184577655,0.018288288288288285,0.06323401184577655
llama3-groq-70b-8192-tool-use-preview (Groq) - Prompt 1,5.004608455118242,39.40160759839705,94.5578231292517,0.5562880039215088,tensor(0.9671),tensor(0.7251),0.12219047619047618,0.03333333333333333,0.12076190476190476
llama3-groq-8b-8192-tool-use-preview (Groq) - Prompt 1,0.06081596033348573,0.3244941407799486,257.0861678004535,-0.6284886002540588,tensor(2.5709),tensor(2.3569),0.015854562196878395,0.0008,0.014801930617931025
llama-3.1-70b-versatile (Meta) - Prompt 1,8.296992756623704,43.6028793707508,88.20861678004536,0.6213475465774536,tensor(0.9025),tensor(0.6690),0.13466666666666666,0.04,0.13466666666666666
llama-3.1-8b-instant (Meta) - Prompt 1,0.0316292562052883,0.38265033897325335,355.0453514739229,-0.5850790739059448,tensor(3.5505),tensor(2.8828),0.004825581395348837,0.001951219512195122,0.004825581395348837
mixtral-8x7b-32768 (Mistral) - Prompt 1,0.18256497269168973,8.284690199150944,347.61904761904765,-0.2402920126914978,tensor(3.4779),tensor(2.9120),0.014177670072297324,0.0025308807134894096,0.013436929331556585
llama-3.2-90b-vision-preview (Meta) - Prompt 1,8.010966062699158,43.542605780421596,87.64172335600907,0.619265615940094,tensor(0.8991),tensor(0.6656),0.13466666666666666,0.04,0.13466666666666666
