,BLEU,chrF,TER,BERTScore,WER,CER,ROUGE-1,ROUGE-2,ROUGE-L
gemma2-9b-it (Google),14.66315705776665,49.15847779574602,132.49097472924188,0.27040454745292664,1.347472906112671,0.9711413979530334,0.3840944661573322,0.23062015682942782,0.35399471692938994
gemma-7b-it (Google),19.213117118503828,46.6522390450877,74.50361010830325,0.3411429226398468,0.7707581520080566,0.5576524138450623,0.4683354343800323,0.26046450199818766,0.43270873616841693
llama3-groq-70b-8192-tool-use-preview (Groq),23.461738373401147,51.597797577480065,74.90974729241877,0.38521039485931396,0.7797833681106567,0.5757457613945007,0.49934584901695744,0.2939564503093414,0.4613557481653852
llama3-groq-8b-8192-tool-use-preview (Groq),18.49564751419136,45.57312825436925,79.33212996389891,0.29393139481544495,0.8167870044708252,0.5804799199104309,0.40341471566247883,0.22063439058784468,0.37382612629899753
llama-3.1-70b-versatile (Meta),26.84958311280624,53.2757859562634,69.7653429602888,0.4314250648021698,0.7220216393470764,0.5265888571739197,0.525616083405645,0.32233633236847825,0.48788576258858074
llama-3.1-8b-instant (Meta),4.234508835633202,32.993329200706576,451.0379061371841,0.15186327695846558,4.536552429199219,4.114850997924805,0.31336955629454016,0.1780958756209584,0.2761579606667069
mixtral-8x7b-32768 (Mistral),12.158230508810522,45.50555800003095,143.4115523465704,0.27699291706085205,1.4553248882293701,1.170881986618042,0.40896468557547294,0.23327329448550865,0.37551867229510416
llama-3.2-90b-vision-preview (Meta),26.811313253857065,53.795926535506844,71.028880866426,0.43816038966178894,0.7360108494758606,0.5366407036781311,0.5346964816579708,0.3311383200888005,0.4989450472914172
