,BLEU,chrF,TER,BERTScore,WER,CER,ROUGE-1,ROUGE-2,ROUGE-L
gemma2-9b-it (Google),14.366669600277067,50.62931318326973,116.98113207547169,0.4554692208766937,1.2239325046539307,0.9498032927513123,0.4757406824005391,0.2534470293358957,0.4054516134108324
gemma-7b-it (Google),11.639219549415534,41.545136706222166,85.20357497517378,0.44295111298561096,0.888778567314148,0.6694886088371277,0.4227213494537934,0.17088553772198598,0.3669901150188703
llama3-groq-70b-8192-tool-use-preview (Groq),19.724276202337187,51.34362063831707,73.13803376365442,0.5952674150466919,0.7805362343788147,0.6000512838363647,0.573339191682113,0.3004450432826693,0.48926325654687736
llama3-groq-8b-8192-tool-use-preview (Groq),12.688153303998218,46.453394096973625,94.48857994041708,0.42311379313468933,0.9875869154930115,0.7846758961677551,0.48543229219362255,0.22304563623313936,0.4025163545198602
llama-3.1-70b-versatile (Meta),24.493677563024526,54.90162290041396,67.17974180734856,0.6367813348770142,0.7144985198974609,0.5371130704879761,0.6050125246735434,0.3438132165735568,0.5216042875030183
llama-3.1-8b-instant (Meta),13.031950117420887,48.20736782119433,105.61072492552135,0.49550873041152954,1.1067527532577515,0.9181631803512573,0.5230617103208928,0.25313630125376596,0.4408991159881884
mixtral-8x7b-32768 (Mistral),9.280207656764079,41.24011865531105,138.57994041708045,0.41350257396698,1.4270108938217163,1.22370445728302,0.4183291362688148,0.1893337753534088,0.3455334739080726
llama-3.2-90b-vision-preview (Meta),24.666630536226858,55.11201905726434,66.3853028798411,0.646686851978302,0.7050645351409912,0.5295878052711487,0.6175013826328183,0.34966649504241,0.5329630921699364
