,BLEU,chrF,TER,BERTScore,WER,CER,ROUGE-1,ROUGE-2,ROUGE-L
gemma2-9b-it (Google),23.38174345442537,54.62430864213498,108.92970234325523,0.5299474000930786,1.1215959787368774,0.9827941060066223,0.5236186428100009,0.3513953610339856,0.4934699269814488
gemma-7b-it (Google),14.182729610005277,39.29161679201819,91.45028499050032,0.41952523589134216,0.9385687112808228,0.7854113578796387,0.40712278413934383,0.1887762376339271,0.370051839964139
llama3-groq-70b-8192-tool-use-preview (Groq),35.72340042998571,57.85694056790144,52.184927169094365,0.7273070812225342,0.549714982509613,0.42396703362464905,0.6645620066493872,0.42959190529925645,0.6316542956558616
llama3-groq-8b-8192-tool-use-preview (Groq),20.905171229826166,48.351986437203216,88.03039898670045,0.4990088641643524,0.917669415473938,0.7923179268836975,0.5239847818404444,0.2960203885006773,0.48434513730117085
llama-3.1-70b-versatile (Meta),34.94828738400768,58.467252924242615,52.6282457251425,0.7227055430412292,0.5516149401664734,0.43232762813568115,0.6601915985470472,0.4311744613912354,0.6288986038349477
llama-3.1-8b-instant (Meta),21.375585979522743,51.57831151059722,103.3565547815073,0.6061917543411255,1.0702975988388062,0.9819459319114685,0.5749939283811064,0.3668324169669453,0.5440649399839429
mixtral-8x7b-32768 (Mistral),8.475114736973474,37.482923609734286,198.54338188727044,0.40594398975372314,2.0126662254333496,2.0786380767822266,0.4201281245654539,0.22601325968482994,0.3897783860486094
llama-3.2-90b-vision-preview (Meta),36.295982770988964,58.93493536875879,51.551614946168456,0.7231243252754211,0.5427485704421997,0.42433053255081177,0.663343427451635,0.43510973531808583,0.6318114099802461
