,BLEU,chrF,TER,BERTScore,WER,CER,ROUGE-1,ROUGE-2,ROUGE-L
gemma2-9b-it (Google),26.153860919778577,60.53734572874002,82.49574105621805,0.5836113095283508,0.8696762919425964,0.6314463019371033,0.5836847161431211,0.35362993200502635,0.5331469603902389
gemma-7b-it (Google),26.780288526162185,55.73622270191228,62.20880069025022,0.6378595232963562,0.6639344096183777,0.5012056231498718,0.6046011233894285,0.33299068969766565,0.5451959437240141
llama3-groq-70b-8192-tool-use-preview (Groq),33.13597729280056,61.64118137112893,56.345826235093696,0.7226014733314514,0.6017887592315674,0.44580692052841187,0.6801796461229341,0.42615074598193514,0.6287743568531289
llama3-groq-8b-8192-tool-use-preview (Groq),27.181645023792736,57.86011476527856,64.05451448040887,0.6180749535560608,0.681430995464325,0.5129095911979675,0.6188711931790504,0.3485339946957006,0.5544448992409196
llama-3.1-70b-versatile (Meta),35.11142413406436,62.79705147786231,53.44974446337309,0.7308735847473145,0.5800681710243225,0.4248245656490326,0.6921779783140615,0.4336093636981543,0.6389670476070575
llama-3.1-8b-instant (Meta),25.982775985964892,58.75551184111038,79.42930153321977,0.6273811459541321,0.8364565372467041,0.6728659868240356,0.6245119330228904,0.3779621087263609,0.5679418841490979
mixtral-8x7b-32768 (Mistral),25.657397839149752,58.03641285760865,75.08517887563883,0.6516609787940979,0.7955706715583801,0.6183663606643677,0.6259782680693742,0.3900859020101927,0.5719359892577084
llama-3.2-90b-vision-preview (Meta),34.66446631897817,62.470254119059845,55.068143100511065,0.7254543900489807,0.6017887592315674,0.4451938271522522,0.6864512979254965,0.4308832925225526,0.6320790967099473
