,BLEU,chrF,TER,BERTScore,WER,CER,ROUGE-1,ROUGE-2,ROUGE-L
gemma2-9b-it (Google),23.644132213108005,60.40217334122584,115.05905511811024,0.5104144811630249,1.2071850299835205,0.9530789256095886,0.5534961439505326,0.3768116776236203,0.5042135090486862
gemma-7b-it (Google),33.05417788850563,58.33845757201978,55.610236220472444,0.6657224297523499,0.5905511975288391,0.43833935260772705,0.6571685540685336,0.41380842242377525,0.6019130494461846
llama3-groq-70b-8192-tool-use-preview (Groq),40.66036777294835,65.03170066471368,48.523622047244096,0.743431568145752,0.5226377844810486,0.386668860912323,0.7266006495634234,0.5006585144771737,0.6711061492862116
llama3-groq-8b-8192-tool-use-preview (Groq),35.035400917771085,62.44003742257883,53.54330708661418,0.6808215379714966,0.5757874250411987,0.42384541034698486,0.6958008409695821,0.46545229939982796,0.639781684917952
llama-3.1-70b-versatile (Meta),44.31004635520061,67.1660077819856,42.86417322834646,0.7631005644798279,0.4739173352718353,0.3407304286956787,0.7542957791428465,0.5324103481392285,0.697234318245508
llama-3.1-8b-instant (Meta),8.793418098019899,38.57471500408556,395.9153543307087,0.6174230575561523,3.9995079040527344,4.028987884521484,0.6434144597956692,0.4436318281598301,0.5971609401039382
mixtral-8x7b-32768 (Mistral),31.706458307492664,62.303984046611916,68.55314960629921,0.6920387744903564,0.7293307185173035,0.5845070481300354,0.670318989997417,0.4559626967575545,0.6210580567111469
llama-3.2-90b-vision-preview (Meta),43.37977077855895,67.09227507761341,43.946850393700785,0.7645413875579834,0.4842519760131836,0.35391417145729065,0.7535961805839057,0.5363609899858152,0.7006445840318407
