,BLEU,chrF,TER,BERTScore,WER,CER,ROUGE-1,ROUGE-2,ROUGE-L
gemma2-9b-it (Google),15.432224410039762,51.30333637313842,126.55514898065864,0.44530946016311646,1.320439100265503,1.0274232625961304,0.4574330963961824,0.24923649173341508,0.4010555029497634
gemma-7b-it (Google),16.157955256039045,46.01680720238393,77.22929936305732,0.5094400644302368,0.8205944895744324,0.6302211284637451,0.49041501541516247,0.22375663066284304,0.42618282972930366
llama3-groq-70b-8192-tool-use-preview (Groq),23.37087394742419,53.88857554751384,68.94929430214323,0.6278058886528015,0.727652907371521,0.5629527568817139,0.5921168726362427,0.32266630923696904,0.5255302277789381
llama3-groq-8b-8192-tool-use-preview (Groq),18.796800586646196,50.95054151829699,81.80867746994251,0.5170132517814636,0.8619968891143799,0.668592631816864,0.5352145695408929,0.26345065336583234,0.46657671511794846
llama-3.1-70b-versatile (Meta),29.32595749143874,57.74845331429715,57.76267642446419,0.7002308368682861,0.6314688920974731,0.45877888798713684,0.6425624307784087,0.3875893875073123,0.5791925458092141
llama-3.1-8b-instant (Meta),17.23933354312651,51.27029774984866,102.56142185049659,0.5771206021308899,1.073183536529541,0.8969472050666809,0.5528941966949238,0.30423183572577245,0.49498848180807803
mixtral-8x7b-32768 (Mistral),11.660157235287894,45.784557479822574,146.6283324621014,0.4856536090373993,1.5049660205841064,1.3233011960983276,0.46623210035160967,0.23543364340832076,0.4129878367371602
llama-3.2-90b-vision-preview (Meta),28.825366406992536,57.463974534809296,58.180867746994245,0.6992030143737793,0.6299006938934326,0.4556743800640106,0.6366885657769863,0.3818628786837198,0.5790095807356546
