,BLEU,chrF,TER,BERTScore,WER,CER,ROUGE-1,ROUGE-2,ROUGE-L
gemma2-9b-it (Google),15.554134904093385,51.897761879147794,136.6181410974244,0.46253132820129395,1.4294513463974,1.1605684757232666,0.46819917863545485,0.26499696432111297,0.3975895452556768
gemma-7b-it (Google),15.800373218032872,46.58612342099631,83.35208098987627,0.5362725853919983,0.8931383490562439,0.7010717391967773,0.49767035619193367,0.22052107441693503,0.4177606850747211
llama3-groq-70b-8192-tool-use-preview (Groq),25.705641234909944,55.832902406073245,68.86898096304591,0.655438244342804,0.7486002445220947,0.5710170269012451,0.600214422014447,0.32837077074195464,0.51305465650757
llama3-groq-8b-8192-tool-use-preview (Groq),15.886998218491868,49.47934193101721,93.56103023516238,0.4924854338169098,0.99944007396698,0.7975607514381409,0.5092612465248585,0.24328881194695196,0.4147911943964149
llama-3.1-70b-versatile (Meta),30.923033483823026,59.27903555311479,60.526315789473685,0.702355146408081,0.6746920347213745,0.5021607875823975,0.6398125677827112,0.37491274858225127,0.5561387607066154
llama-3.1-8b-instant (Meta),21.489685807412656,53.56444931573642,77.2676371780515,0.6104481816291809,0.8393056988716125,0.6553346514701843,0.5792154249583368,0.306771538282038,0.4861055321552741
mixtral-8x7b-32768 (Mistral),11.32331897372106,45.579857200820214,126.93169092945129,0.5091780424118042,1.3309071063995361,1.1197541952133179,0.4827866858236727,0.21396852324787766,0.39028911781946435
llama-3.2-90b-vision-preview (Meta),30.69516022155015,59.31985120213506,60.13437849944009,0.7003793120384216,0.671332597732544,0.49745509028434753,0.641947585387335,0.3753340142316865,0.5596125580803113
