,BLEU,chrF,TER,BERTScore,WER,CER,ROUGE-1,ROUGE-2,ROUGE-L
gemma2-9b-it (Google),6.513927772451492,40.216144912137445,216.5753424657534,0.21845175325870514,2.2031962871551514,1.903717279434204,0.36194220275380085,0.16469829387554316,0.3029198874316183
gemma-7b-it (Google),4.811831451698813,34.2372060497409,111.92236598890943,0.30449146032333374,1.1446396112442017,0.8952182531356812,0.3042460738431798,0.08177237786640601,0.23688769726383846
llama3-groq-70b-8192-tool-use-preview (Groq),14.618140089465099,46.661558321646915,95.0228310502283,0.5177277326583862,0.9904109835624695,0.7609863877296448,0.48250408883460255,0.22738873371895252,0.4080226339700358
llama3-groq-8b-8192-tool-use-preview (Groq),7.855476631437305,41.08568297444295,112.8310502283105,0.3317415118217468,1.1643835306167603,0.8702245354652405,0.3927783550975705,0.14341732362491488,0.32130097926870227
llama-3.1-70b-versatile (Meta),19.40381108977607,49.50023886508437,76.16438356164383,0.5946109294891357,0.803196370601654,0.5863084197044373,0.5324667153982184,0.26881379321615545,0.460792322369123
llama-3.1-8b-instant (Meta),6.679363009676481,39.82907515031934,188.21917808219177,0.3106965124607086,1.9251141548156738,1.595877766609192,0.35636385948487465,0.15181648483634844,0.29139433872169024
mixtral-8x7b-32768 (Mistral),2.6221907451615234,28.682696740055935,158.9041095890411,0.18840795755386353,1.6150684356689453,1.3152005672454834,0.2563206630951938,0.06505667861312664,0.20959332105063147
llama-3.2-90b-vision-preview (Meta),18.78258291090126,49.13251668179741,76.80365296803653,0.5911391973495483,0.8100456595420837,0.5916084051132202,0.5268996285903779,0.26298586870045076,0.45440056820191216
