,BLEU,chrF,TER,BERTScore,WER,CER,ROUGE-1,ROUGE-2,ROUGE-L
gemma2-9b-it (Google),13.081528574467685,53.39574091624837,164.64585834333732,0.39038199186325073,1.70888352394104,1.3995355367660522,0.480445214487759,0.2827572332962239,0.4208174103688933
gemma-7b-it (Google),12.881246265774234,46.50096722466924,96.32352941176471,0.4698329567909241,1.0220588445663452,0.7700144052505493,0.4760126397416694,0.20902393749516637,0.40395333126898597
llama3-groq-70b-8192-tool-use-preview (Groq),24.64484074688475,58.662412486223005,73.22929171668667,0.6107376217842102,0.7995198369026184,0.6040993332862854,0.6630931531502317,0.4011371396375696,0.5792859390828305
llama3-groq-8b-8192-tool-use-preview (Groq),13.955649606550779,49.16962202672085,112.96518607442978,0.31758105754852295,1.1896759271621704,0.8826736807823181,0.4807910995025939,0.2488066121724727,0.3962215578883002
llama-3.1-70b-versatile (Meta),32.04535645055789,64.2965821383577,54.56182472989196,0.7105163335800171,0.6236494779586792,0.43689417839050293,0.7224546947500384,0.460807791978235,0.6436783109251103
llama-3.1-8b-instant (Meta),14.739502331590403,52.28774330967796,142.13685474189677,0.468230664730072,1.5054022073745728,1.2730209827423096,0.5350190007258715,0.309401487077124,0.45146279117683163
mixtral-8x7b-32768 (Mistral),8.564350103421672,36.525762072531755,127.37094837935174,0.34813812375068665,1.3163264989852905,1.072495937347412,0.40570042829979724,0.15841996788267007,0.33753094473997725
llama-3.2-90b-vision-preview (Meta),31.428743752779017,63.98183269905543,54.26170468187274,0.705427885055542,0.6194477677345276,0.4301292300224304,0.7208953832927695,0.4539504436996363,0.6441904299885528
