,BLEU,chrF,TER,BERTScore,WER,CER,ROUGE-1,ROUGE-2,ROUGE-L
gemma2-9b-it (Google),18.862698210836765,54.60629261362543,128.44364937388193,0.4483894407749176,1.3208109140396118,1.022192358970642,0.4655021437630074,0.28067309846058475,0.4223029359426656
gemma-7b-it (Google),22.662042839124883,50.65308096834339,70.90041741204533,0.5869163870811462,0.7495527863502502,0.5756605863571167,0.563711831882899,0.30581446314458394,0.5116384621789505
llama3-groq-70b-8192-tool-use-preview (Groq),29.460573729023775,58.531293043996214,61.001788908765654,0.6830435395240784,0.6553369164466858,0.4881296455860138,0.6759705098960302,0.41927565098581226,0.6196506549688469
llama3-groq-8b-8192-tool-use-preview (Groq),24.301428524694387,55.054726001837665,78.41383422778772,0.5309262871742249,0.8264758586883545,0.6316061019897461,0.5841890622726325,0.34397528066458966,0.530175226936819
llama-3.1-70b-versatile (Meta),34.81387800227177,60.89429470980606,51.52057245080501,0.7295399308204651,0.5551580190658569,0.40617257356643677,0.700203073668941,0.45906791724885543,0.6487511483979216
llama-3.1-8b-instant (Meta),24.700263521157407,56.14578260119028,80.2623732856291,0.6227776408195496,0.8491353392601013,0.6832163333892822,0.619963441911973,0.3838176144015917,0.5632525519908959
mixtral-8x7b-32768 (Mistral),15.952212836367407,50.036346941494955,135.12224209898628,0.5609542727470398,1.3834227323532104,1.2146985530853271,0.5387334288081731,0.31792313273357325,0.49501451271659525
llama-3.2-90b-vision-preview (Meta),35.524453920274894,61.369149785179175,51.28205128205128,0.7334535121917725,0.5515801906585693,0.4060693681240082,0.705052670478747,0.46404922289966655,0.6543899782716417
