,BLEU,chrF,TER,BERTScore,WER,CER,ROUGE-1,ROUGE-2,ROUGE-L
gemma2-9b-it (Google),17.626796290720517,55.78131556190918,112.01923076923077,0.48838165402412415,1.1714743375778198,0.9585826396942139,0.5653440924132817,0.3497425627678804,0.5033200859463198
gemma-7b-it (Google),23.16884366710351,53.246779487621964,66.97368421052632,0.5949031710624695,0.7315789461135864,0.555371880531311,0.5836455810447397,0.3069728079332268,0.5069904976764796
llama3-groq-70b-8192-tool-use-preview (Groq),30.775916849278424,60.679209320825066,57.43589743589743,0.6731943488121033,0.6259615421295166,0.4519485831260681,0.6742749639655049,0.4148981615582207,0.6013322157695803
llama3-groq-8b-8192-tool-use-preview (Groq),25.43781191930367,57.13944908759694,67.33974358974359,0.5903360247612,0.7275640964508057,0.5386336445808411,0.6215933174770873,0.35315895335466957,0.5425594737626283
llama-3.1-70b-versatile (Meta),32.3063488222719,61.78993270675883,57.01923076923077,0.6856683492660522,0.6266025900840759,0.4471096396446228,0.6776700545663982,0.42904668135985546,0.608634532773372
llama-3.1-8b-instant (Meta),23.693994983025423,58.07359260262858,82.72435897435896,0.6059451699256897,0.8900641202926636,0.7035225629806519,0.6305994486671156,0.37181359646472134,0.555394691564404
mixtral-8x7b-32768 (Mistral),22.544847676449763,56.7685336540382,80.16025641025641,0.5998104214668274,0.8628205060958862,0.6558093428611755,0.6043717508867741,0.3412592615090763,0.5262995818372189
llama-3.2-90b-vision-preview (Meta),31.16152966994767,61.541160622794486,58.81410256410257,0.6797089576721191,0.6461538672447205,0.47010770440101624,0.6749202993484839,0.42949511833105203,0.6065775856971075
