,BLEU,chrF,TER,BERTScore,WER,CER,ROUGE-1,ROUGE-2,ROUGE-L
gemma2-9b-it (Google),13.98036644460929,48.69851993794242,135.69494584837545,0.2609265446662903,1.3804152011871338,0.9861867427825928,0.3755806482533739,0.22119751023189113,0.34517059469946365
gemma-7b-it (Google),18.836314188850693,46.641804622834925,74.6343692870201,0.33724477887153625,0.7723948955535889,0.5575308203697205,0.461232454844065,0.25152611575800127,0.4234265938960333
llama3-groq-70b-8192-tool-use-preview (Groq),24.008690361782367,51.696657925677435,73.28519855595668,0.38867080211639404,0.7630866169929504,0.5611543655395508,0.5000620289306832,0.29314127873409873,0.4625006228606193
llama3-groq-8b-8192-tool-use-preview (Groq),18.201757324040067,45.873917553244546,79.51263537906136,0.2922627925872803,0.8190433382987976,0.5783398151397705,0.40094577806076775,0.2172486684662418,0.3714733107691229
llama-3.1-70b-versatile (Meta),26.555427747848697,53.420822655739805,70.62274368231047,0.4352673590183258,0.7319494485855103,0.5308690071105957,0.5306931462262188,0.32638406471462994,0.49363965434326745
llama-3.1-8b-instant (Meta),8.48089356426883,43.59546898147227,223.7815884476534,0.14422135055065155,2.263989210128784,1.9946173429489136,0.3018022540328257,0.16517329423690577,0.26402315639375945
mixtral-8x7b-32768 (Mistral),12.30549358217093,45.813358387176585,142.59927797833936,0.27895408868789673,1.447202205657959,1.158430576324463,0.4071559320098892,0.23421788022416418,0.3751600464258955
llama-3.2-90b-vision-preview (Meta),27.444244310969506,53.73968557478349,69.04332129963899,0.4385652244091034,0.7179602980613708,0.5225681066513062,0.5361000969331644,0.3338691512748004,0.4983515367021966
