,BLEU,chrF,TER,BERTScore,WER,CER,ROUGE-1,ROUGE-2,ROUGE-L
gemma2-9b-it (Google),4.438924554774962,43.498924268560586,205.6210964607911,0.6447590589523315,2.081193685531616,1.6479227542877197,0.0,0.0,0.0
gemma-7b-it (Google),5.859950317897729,41.54520549764659,86.22628250175686,0.7212997674942017,0.8819395899772644,0.6188148856163025,0.0,0.0,0.0
llama3-groq-70b-8192-tool-use-preview (Groq),6.563602846357685,50.79867159860106,166.9673837612769,0.7694966197013855,1.733518362045288,1.2273412942886353,0.0,0.0,0.0
llama3-groq-8b-8192-tool-use-preview (Groq),8.252400594594407,47.51964472409566,81.67938931297711,0.7407960295677185,0.8584316372871399,0.6126144528388977,0.0,0.0,0.0
llama-3.1-70b-versatile (Meta),20.61177140133977,62.35989640627893,64.67730742539904,0.7969335317611694,0.7147814035415649,0.48345237970352173,0.0,0.0,0.0
llama-3.1-8b-instant (Meta),5.053934792187231,43.87248047901435,171.89451769604443,0.7203947305679321,1.7564191818237305,1.4913992881774902,0.0,0.0,0.0
mixtral-8x7b-32768 (Mistral),0.5615544202708849,16.60264548118136,313.67106176266486,0.18987220525741577,3.1401803493499756,2.697213649749756,0.0,0.0,0.0
llama-3.2-90b-vision-preview (Meta),20.44399383757095,62.42819893973783,64.81609993060374,0.7986507415771484,0.7009021639823914,0.4676591753959656,0.0,0.0,0.0
