,BLEU,chrF,TER,BERTScore,WER,CER,ROUGE-1,ROUGE-2,ROUGE-L
gemma2-9b-it (Google) - Prompt 1,0.8329329443560048,14.031764518032128,547.314049586777,0.09988012164831161,tensor(5.4780),tensor(5.4716),0.011384553037135162,0.001968527729645453,0.011384553037135162
gemma-7b-it (Google) - Prompt 1,1.0947044159174601,6.979186198190441,138.63636363636365,-0.1087668165564537,tensor(1.3884),tensor(1.2186),0.143043956043956,0.04381818181818182,0.143043956043956
llama3-groq-70b-8192-tool-use-preview (Groq) - Prompt 1,3.0396857144938356,34.55483382759726,306.8181818181818,0.7506605386734009,tensor(3.0868),tensor(1.8130),0.10333333333333333,0.05,0.10333333333333333
llama3-groq-8b-8192-tool-use-preview (Groq) - Prompt 1,0.334031464729983,3.325372466164466,143.1818181818182,-0.5424304008483887,tensor(1.4318),tensor(1.1348),0.02728227617792835,0.01413131313131313,0.02728227617792835
llama-3.1-70b-versatile (Meta) - Prompt 1,15.949234464628233,52.31190823195667,73.00275482093664,0.7925466895103455,tensor(0.7521),tensor(0.4872),0.08666666666666668,0.03,0.08666666666666668
llama-3.1-8b-instant (Meta) - Prompt 1,0.8454626344166576,7.794042164125164,224.58677685950414,0.19552242755889893,tensor(2.2514),tensor(2.0621),0.011521836007130127,0.0004761904761904762,0.011521836007130127
mixtral-8x7b-32768 (Mistral) - Prompt 1,0.15014303228274348,2.3652509090130134,312.534435261708,-0.7304141521453857,tensor(3.1267),tensor(3.0552),0.017224137209643175,0.0032694604917331655,0.016747946733452698
llama-3.2-90b-vision-preview (Meta) - Prompt 1,15.281479581293983,51.906696376067096,76.99724517906336,0.7879466414451599,tensor(0.7906),tensor(0.5212),0.06,0.02,0.06
