,BLEU,chrF,TER,BERTScore,WER,CER,ROUGE-1,ROUGE-2,ROUGE-L
gemma2-9b-it (Google),12.98703690139738,53.254512967831666,160.02400960384153,0.3915309011936188,1.6656662225723267,1.347738265991211,0.47731349475194695,0.2739224991164096,0.41482222127834256
gemma-7b-it (Google),12.800282667554574,45.527969760468416,97.65906362545019,0.46042656898498535,1.0372148752212524,0.7886712551116943,0.46972774752505475,0.20510113282744385,0.3940036514027176
llama3-groq-70b-8192-tool-use-preview (Groq),23.249128527224798,58.11123776374977,78.69147659063626,0.6141862273216248,0.8523409366607666,0.6571082472801208,0.6574010834284261,0.3928374043837256,0.571113546966762
llama3-groq-8b-8192-tool-use-preview (Groq),14.334726245296647,49.717448519064675,111.10444177671069,0.3230336010456085,1.1728692054748535,0.8735864162445068,0.48962412724312016,0.253821363683844,0.4031638361785471
llama-3.1-70b-versatile (Meta),31.684412296810702,64.16447644548869,53.66146458583433,0.7095187306404114,0.6134454011917114,0.4258885383605957,0.7222562038811194,0.458961590045086,0.6460204633208916
llama-3.1-8b-instant (Meta),5.451317917012168,32.363345654321385,470.82833133253297,0.47941848635673523,4.793517589569092,4.830472469329834,0.5289224124828421,0.31122155640345367,0.45109876734802223
mixtral-8x7b-32768 (Mistral),8.89623592418759,36.50179071878376,120.40816326530613,0.3531731367111206,1.2466987371444702,1.0210015773773193,0.40713424776449647,0.15750341006520968,0.3386289028133234
llama-3.2-90b-vision-preview (Meta),31.45927162423264,63.9658442148688,54.56182472989196,0.7016389966011047,0.6260504126548767,0.43194669485092163,0.7244686145792635,0.4621785854895723,0.6469232312473144
