,BLEU,chrF,TER,BERTScore,WER,CER,ROUGE-1,ROUGE-2,ROUGE-L
gemma2-9b-it (Google) - Prompt 1,5.656506066941043,40.22412735921097,420.19395322304615,0.14556854963302612,tensor(4.2316),tensor(3.6903),0.2916776991664996,0.1895796126744312,0.27348183701022644
gemma-7b-it (Google) - Prompt 1,25.71600979437804,55.759866743674365,69.36679977181974,0.4345276653766632,tensor(0.7273),tensor(0.5197),0.5505471996663455,0.33205070576125645,0.5030297425782936
llama3-groq-70b-8192-tool-use-preview (Groq) - Prompt 1,33.17052763658774,63.845299402217904,57.04506560182544,0.5438845753669739,tensor(0.6024),tensor(0.4256),0.626099233202262,0.410921040308559,0.5813422555643581
llama3-groq-8b-8192-tool-use-preview (Groq) - Prompt 1,28.81637099869106,59.640340184584254,63.09184255561894,0.4922915995121002,tensor(0.6623),tensor(0.4673),0.5956874157803934,0.3647678236457935,0.5492698166247791
llama-3.1-70b-versatile (Meta) - Prompt 1,29.389328261537393,64.68222564083676,82.31602966343411,0.5556827783584595,tensor(0.8574),tensor(0.6651),0.6408922167958612,0.4523359284150555,0.602148036972995
llama-3.1-8b-instant (Meta) - Prompt 1,10.789752024449918,48.982557690517794,244.95151169423846,0.23915725946426392,tensor(2.4723),tensor(2.1971),0.36898256171221616,0.23227391588129936,0.336667050268722
mixtral-8x7b-32768 (Mistral) - Prompt 1,19.68691757955462,57.72554123472171,123.10325156873931,0.4477345943450928,tensor(1.2567),tensor(0.9884),0.5394313310977793,0.35622163833307546,0.5040089104706058
llama-3.2-90b-vision-preview (Meta) - Prompt 1,28.0523557416424,64.0913611431122,86.25213918996006,0.5519668459892273,tensor(0.8956),tensor(0.7108),0.6356311142914804,0.4463913087979598,0.5988705645501384
