,BLEU,chrF,TER,BERTScore,WER,CER,ROUGE-1,ROUGE-2,ROUGE-L
Qwen2.5-0.5B-Instruct,0.698826574216619,16.818058842424836,1102.2443890274315,-0.2105351835489273,11.038653373718262,8.961321830749512,0.06404095694631905,0.01966128546062259,0.05053874453967258
