,BLEU,chrF,TER,BERTScore,WER,CER,ROUGE-1,ROUGE-2,ROUGE-L
Qwen2.5-1.5B-Instruct,0.26840694922825353,11.450751944680015,1120.4744069912608,-0.2915482521057129,11.20724105834961,9.994380950927734,0.05437059579895638,0.009811591473222102,0.042012906028067905
