,BLEU,chrF,TER,BERTScore,WER,CER,ROUGE-1,ROUGE-2,ROUGE-L
Qwen2.5-0.5B-Instruct,2.4820258717633563,22.412795527390436,783.5560123329907,-0.10066475719213486,7.86125373840332,7.898810386657715,0.1358105279993217,0.05836300669164524,0.10643528196468158
