,BLEU,chrF,TER,BERTScore,WER,CER,ROUGE-1,ROUGE-2,ROUGE-L
Qwen2.5-0.5B-Instruct,0.1267124590027469,9.592473722070759,1238.0774032459426,-0.4470504820346832,12.384519577026367,10.77271842956543,0.0327029349190712,0.0030391877056666905,0.025726690575877332
