,BLEU,chrF,TER,BERTScore,WER,CER,ROUGE-1,ROUGE-2,ROUGE-L
Qwen2.5-3B-Instruct,0.03825392988178254,12.594093874631968,646.5197215777263,0.15495315194129944,6.466357231140137,5.097536087036133,0.005246422867994979,0.0010071154898741105,0.005246422867994979
