,BLEU,chrF,TER,BERTScore,WER,CER,ROUGE-1,ROUGE-2,ROUGE-L
Qwen2.5-0.5B-Instruct,0.11552663923816422,12.805609627086431,1180.1075268817203,-0.473429411649704,11.801074981689453,8.657004356384277,0.03270372549412098,0.006343165632219043,0.029014497740783955
