,BLEU,chrF,TER,BERTScore,WER,CER,ROUGE-1,ROUGE-2,ROUGE-L
Qwen2.5-1.5B-Instruct,0.15188158090132953,14.733671859216013,489.5091434071222,-0.5359891653060913,4.905678749084473,4.899601936340332,0.1242277102106113,0.008315955261038468,0.08938680518733158
