,BLEU,chrF,TER,BERTScore,WER,CER,ROUGE-1,ROUGE-2,ROUGE-L
Qwen2.5-1.5B-Instruct,0.02527709931543268,3.125746814226946,1072.6218097447795,-0.38557952642440796,10.726218223571777,8.134276390075684,0.003064299811303803,0.000689655172413793,0.0028833043361906814
