,BLEU,chrF,TER,BERTScore,WER,CER,ROUGE-1,ROUGE-2,ROUGE-L
Qwen2.5-0.5B-Instruct,0.2176868364471583,12.353218763610277,1479.0697674418604,-0.38553228974342346,14.7923583984375,9.767084121704102,0.02455870668101071,0.003169520888518201,0.020860000467761253
