,BLEU,chrF,TER,BERTScore,WER,CER,ROUGE-1,ROUGE-2,ROUGE-L
Qwen2.5-0.5B-Instruct,0.04769730302266785,3.6546684707039208,10101.265822784811,-0.25808149576187134,101.01265716552734,18.658876419067383,0.011221806399413852,0.0031968800437597077,0.010620807935512162
