,BLEU,chrF,TER,BERTScore,WER,CER,ROUGE-1,ROUGE-2,ROUGE-L
Qwen2.5-3B-Instruct,0.12374542746116955,6.97133584313254,553.7271448663854,0.15481065213680267,5.537271499633789,4.94292688369751,0.013950752944884917,0.003210951210951211,0.013950752944884917
