,BLEU,chrF,TER,BERTScore,WER,CER,ROUGE-1,ROUGE-2,ROUGE-L
Qwen2.5-0.5B-Instruct,0.7270404716481473,12.692056166409607,782.3691460055096,-0.041534360498189926,7.823691368103027,6.327463150024414,0.006785939135471307,0.0011368133657290284,0.006222534133277362
