,BLEU,chrF,TER,BERTScore,WER,CER,ROUGE-1,ROUGE-2,ROUGE-L
Qwen2.5-3B-Instruct,1.1657359271523104,18.706030891999408,817.8526841448189,-0.09633136540651321,8.194756507873535,7.09998083114624,0.1146232808592436,0.036817156834784114,0.09179631256817694
