,BLEU,chrF,TER,BERTScore,WER,CER,ROUGE-1,ROUGE-2,ROUGE-L
Qwen2.5-3B-Instruct,2.2268435531684556,25.935049209977322,763.0751964085297,-0.12828436493873596,7.641975402832031,6.439268589019775,0.12350816623673218,0.05783136203663604,0.10778437913935109
