,BLEU,chrF,TER,BERTScore,WER,CER,ROUGE-1,ROUGE-2,ROUGE-L
Qwen2.5-3B-Instruct,3.012219045686743,29.169319487956457,623.1404958677685,0.3113496005535126,6.241506099700928,5.12244176864624,0.009351186770350548,0.003132325742857309,0.009351186770350548
