,BLEU,chrF,TER,BERTScore,WER,CER,ROUGE-1,ROUGE-2,ROUGE-L
Qwen2.5-3B-Instruct,2.9570369956022065,26.64330834846309,676.7911200807266,-0.10552989691495895,6.780020236968994,6.541972637176514,0.1496872921010536,0.0793270109124448,0.13001200784706865
