,BLEU,chrF,TER,BERTScore,WER,CER,ROUGE-1,ROUGE-2,ROUGE-L
Qwen2.5-1.5B-Instruct,1.1952252140571784,18.845669226956847,756.8946796959826,-0.20421533286571503,7.597177028656006,8.014892578125,0.12253346660039797,0.030376815893384545,0.08897004375997626
