,BLEU,chrF,TER,BERTScore,WER,CER,ROUGE-1,ROUGE-2,ROUGE-L
Qwen2.5-1.5B-Instruct,0.34321461512798473,14.580346504554287,1379.734219269103,-0.24316780269145966,13.802325248718262,9.462794303894043,0.03678034333780915,0.0073332454284016834,0.030694194466088027
