,BLEU,chrF,TER,BERTScore,WER,CER,ROUGE-1,ROUGE-2,ROUGE-L
Qwen2.5-1.5B-Instruct,0.8922488078099351,12.047093376224216,846.3728191000918,-0.13389892876148224,8.457300186157227,6.801523208618164,0.005200880752984962,0.0007645687645687646,0.004925018684019444
