,BLEU,chrF,TER,BERTScore,WER,CER,ROUGE-1,ROUGE-2,ROUGE-L
Qwen2.5-3B-Instruct,8.258891889328197,40.841412189251145,249.63369963369962,-0.23981809616088867,2.559828996658325,2.7850122451782227,0.3681636842865782,0.1855624027596909,0.2927741612114663
