,BLEU,chrF,TER,BERTScore,WER,CER,ROUGE-1,ROUGE-2,ROUGE-L
Qwen2.5-0.5B-Instruct,1.4337772200966181,20.15448438798467,822.401614530777,-0.1816510409116745,8.242179870605469,7.8132781982421875,0.10106877767671774,0.03812000741000669,0.07760842919830452
