,BLEU,chrF,TER,BERTScore,WER,CER,ROUGE-1,ROUGE-2,ROUGE-L
Qwen2.5-0.5B-Instruct,0.022731405019252953,0.2450349705624608,1292.4050632911392,-0.815093994140625,12.924050331115723,12.049966812133789,0.0037738689721086237,0.0008049124771309982,0.0037738689721086237
