,BLEU,chrF,TER,BERTScore,WER,CER,ROUGE-1,ROUGE-2,ROUGE-L
Qwen2.5-3B-Instruct,0.6037550283457753,19.197066831947105,1058.139534883721,-0.1432279795408249,10.589700698852539,7.578967571258545,0.06201846145830538,0.014423785792069474,0.05380532650596233
