,BLEU,chrF,TER,BERTScore,WER,CER,ROUGE-1,ROUGE-2,ROUGE-L
Qwen2.5-1.5B-Instruct,3.453550435861143,25.223591653270734,783.3504624871531,-0.044283442199230194,7.869475841522217,7.998276233673096,0.1603713130502002,0.08124353707644134,0.12976936222187926
