,BLEU,chrF,TER,BERTScore,WER,CER,ROUGE-1,ROUGE-2,ROUGE-L
Qwen2.5-0.5B-Instruct,0.6012894989932052,16.765823870801704,891.5824915824916,-0.32748544216156006,8.930415153503418,7.236204624176025,0.050410514630294764,0.013315138272442587,0.03901640016667459
