,BLEU,chrF,TER,BERTScore,WER,CER,ROUGE-1,ROUGE-2,ROUGE-L
Qwen2.5-0.5B-Instruct,0.018534723550688675,1.1215194002320117,1108.816705336427,-0.6332889795303345,11.088167190551758,8.535063743591309,0.0035968042622253533,0.0002030456852791878,0.002727239044834049
