,BLEU,chrF,TER,BERTScore,WER,CER,ROUGE-1,ROUGE-2,ROUGE-L
Qwen2.5-0.5B-Instruct,0.08321170443492003,12.335874371408902,433.2050048123195,-0.5931667685508728,4.353224277496338,4.371135711669922,0.11806414192641868,0.005518632601509325,0.0895670957478283
