,BLEU,chrF,TER,BERTScore,WER,CER,ROUGE-1,ROUGE-2,ROUGE-L
Qwen2.5-1.5B-Instruct,0.8844569717116523,18.513700899134403,705.2192066805845,-0.2793039381504059,7.073069095611572,7.42742395401001,0.11070999800942977,0.02735715497989596,0.0835399415339438
