,BLEU,chrF,TER,BERTScore,WER,CER,ROUGE-1,ROUGE-2,ROUGE-L
Qwen2.5-1.5B-Instruct,5.773816690149809,35.926016105338746,352.25885225885224,-0.21480494737625122,3.57570219039917,3.7911436557769775,0.3079136051650069,0.14728957829205208,0.2377876365320428
