,BLEU,chrF,TER,BERTScore,WER,CER,ROUGE-1,ROUGE-2,ROUGE-L
Qwen2.5-3B-Instruct,5.155637568513059,33.907971112498295,475.36012130401815,-0.319420725107193,4.791508674621582,4.756030559539795,0.31268259380941243,0.16666023656475712,0.26362354224484186
