,BLEU,chrF,TER,BERTScore,WER,CER,ROUGE-1,ROUGE-2,ROUGE-L
Qwen2.5-1.5B-Instruct,2.2545617340002155,22.503005017567272,771.4285714285714,-0.14927838742733002,7.74436092376709,7.645656585693359,0.1339559983984807,0.049482524570705816,0.10656249332756969
