,BLEU,chrF,TER,BERTScore,WER,CER,ROUGE-1,ROUGE-2,ROUGE-L
Qwen2.5-1.5B-Instruct,2.76489941241717,25.757907716405686,581.1220621683093,-0.37695634365081787,5.855193138122559,5.763195514678955,0.23375866761312986,0.09517544354044143,0.17868028498445424
