,BLEU,chrF,TER,BERTScore,WER,CER,ROUGE-1,ROUGE-2,ROUGE-L
Qwen2.5-3B-Instruct,3.93577007249149,29.159079529737568,601.3963480128893,-0.07845712453126907,6.051557540893555,5.837457180023193,0.18572607654424128,0.09509646908439752,0.1605592440004662
