,BLEU,chrF,TER,BERTScore,WER,CER,ROUGE-1,ROUGE-2,ROUGE-L
Qwen2.5-1.5B-Instruct,0.02741741858328539,1.4467083018257447,1094.3741209563993,-0.470450222492218,10.943740844726562,10.069731712341309,0.0053972100224919635,0.0012683796046664229,0.0053972100224919635
