,BLEU,chrF,TER,BERTScore,WER,CER,ROUGE-1,ROUGE-2,ROUGE-L
Qwen2.5-0.5B-Instruct,0.13547870701016582,8.143159893149132,270.9352517985612,-0.8037811517715454,2.7151079177856445,2.3932557106018066,0.13086891875210918,0.004902879530634147,0.11175510321567399
