,BLEU,chrF,TER,BERTScore,WER,CER,ROUGE-1,ROUGE-2,ROUGE-L
Qwen2.5-3B-Instruct,1.059084768495319,14.733045773173522,358.5611510791367,-0.697406530380249,3.5985610485076904,3.358078718185425,0.15296777668300524,0.03333986982125469,0.12593904731113822
