,BLEU,chrF,TER,BERTScore,WER,CER,ROUGE-1,ROUGE-2,ROUGE-L
Qwen2.5-3B-Instruct,0.13192490544735885,13.232375172562916,4617.721518987341,0.14985321462154388,46.177215576171875,10.643180847167969,0.0225973018955281,0.011505782898985031,0.0225973018955281
