,BLEU,chrF,TER,BERTScore,WER,CER,ROUGE-1,ROUGE-2,ROUGE-L
Qwen2.5-0.5B-Instruct,0.4932156844953054,15.872478754546707,780.0217155266015,-0.28744763135910034,7.816504001617432,8.012894630432129,0.08270158498233592,0.011141258532031097,0.06005020444805143
