,BLEU,chrF,TER,BERTScore,WER,CER,ROUGE-1,ROUGE-2,ROUGE-L
Qwen2.5-0.5B-Instruct,1.1035322754414174,19.170126680977067,761.546723952739,-0.22285617887973785,7.635875225067139,7.225573539733887,0.10360634441045233,0.027284965140865078,0.07792441842753375
