,BLEU,chrF,TER,BERTScore,WER,CER,ROUGE-1,ROUGE-2,ROUGE-L
Qwen2.5-1.5B-Instruct,0.3201810660169029,11.663396515069868,405.1798561151079,-0.7249491214752197,4.057553768157959,3.7668607234954834,0.1259028646921372,0.010162453198690252,0.09931572408514544
