,BLEU,chrF,TER,BERTScore,WER,CER,ROUGE-1,ROUGE-2,ROUGE-L
Qwen2.5-3B-Instruct,2.002926509272408,23.05583741212432,650.3800217155266,-0.15154558420181274,6.524429798126221,6.8414459228515625,0.15106972970746418,0.051320091423245125,0.126913979043258
