,BLEU,chrF,TER,BERTScore,WER,CER,ROUGE-1,ROUGE-2,ROUGE-L
Qwen2.5-1.5B-Instruct,1.1844357000063073,19.664038649248557,815.0353178607468,-0.2012222856283188,8.17053508758545,7.776891231536865,0.0879789635919635,0.03188446359818763,0.06848750644554367
