,BLEU,chrF,TER,BERTScore,WER,CER,ROUGE-1,ROUGE-2,ROUGE-L
Qwen2.5-3B-Instruct,0.5640032113491926,12.210971863719164,372.6660250240616,-0.6064289808273315,3.7401347160339355,3.9236302375793457,0.1315311062514211,0.020199117365814808,0.10486795155304977
