,BLEU,chrF,TER,BERTScore,WER,CER,ROUGE-1,ROUGE-2,ROUGE-L
Qwen2.5-1.5B-Instruct,0.1527662464257011,13.436858171783664,1199.731182795699,-0.36633291840553284,11.998656272888184,8.791321754455566,0.036213404852255146,0.00690296940723458,0.029413814479647735
