,BLEU,chrF,TER,BERTScore,WER,CER,ROUGE-1,ROUGE-2,ROUGE-L
Qwen2.5-3B-Instruct,0.3573760799324202,17.73836654865371,859.005376344086,-0.18730728328227997,8.595430374145508,6.697875499725342,0.06748309992531451,0.014243593507280832,0.05566088259276713
