,BLEU,chrF,TER,BERTScore,WER,CER,ROUGE-1,ROUGE-2,ROUGE-L
Qwen2.5-0.5B-Instruct,3.687064853742506,31.523309498200685,441.5750915750916,-0.21369239687919617,4.463369846343994,4.428515911102295,0.23430829443885012,0.09198404464123948,0.16503163919013875
