,BLEU,chrF,TER,BERTScore,WER,CER,ROUGE-1,ROUGE-2,ROUGE-L
Qwen2.5-3B-Instruct,2.7196435236917242,26.759238056075198,850.498753117207,-0.021983807906508446,8.524937629699707,7.339662551879883,0.14990553130713705,0.0819210714338894,0.13799580429942637
