,BLEU,chrF,TER,BERTScore,WER,CER,ROUGE-1,ROUGE-2,ROUGE-L
Qwen2.5-1.5B-Instruct,0.057246317865657564,4.6714704963164255,9948.101265822785,-0.1883912831544876,99.48101043701172,18.132890701293945,0.013994146705582623,0.005763143176587497,0.01379006507292956
