,BLEU,chrF,TER,BERTScore,WER,CER,ROUGE-1,ROUGE-2,ROUGE-L
Qwen2.5-3B-Instruct,4.8272931748293235,29.976125111450585,654.4707091469681,0.0011741924099624157,6.585816860198975,6.704361438751221,0.20123459601523677,0.1138784407915184,0.17692621416506416
