,BLEU,chrF,TER,BERTScore,WER,CER,ROUGE-1,ROUGE-2,ROUGE-L
Qwen2.5-0.5B-Instruct,1.982835467533036,23.169395234548826,597.877179681577,-0.44138678908348083,6.004549026489258,5.813350677490234,0.22038668135872178,0.07394957468852788,0.15856237859556277
