,BLEU,chrF,TER,BERTScore,WER,CER,ROUGE-1,ROUGE-2,ROUGE-L
Qwen2.5-1.5B-Instruct,0.7712816004085478,17.698882279269956,928.0583613916948,-0.27126577496528625,9.290684700012207,7.611380100250244,0.05899455806665681,0.020010757131626002,0.04920849552627171
