,BLEU,chrF,TER,BERTScore,WER,CER,ROUGE-1,ROUGE-2,ROUGE-L
Qwen2.5-3B-Instruct,1.5648338867974867,21.490751519129983,609.8121085594989,-0.24535001814365387,6.115866184234619,6.385977745056152,0.13490873491951855,0.044325838448751806,0.10797302335709186
