,BLEU,chrF,TER,BERTScore,WER,CER,ROUGE-1,ROUGE-2,ROUGE-L
Qwen2.5-0.5B-Instruct,0.4477440772747485,18.146143916354713,705.5323590814196,-0.2809370160102844,7.080375671386719,7.143509387969971,0.10974445120155586,0.01977270466708926,0.0762933058350176
