,BLEU,chrF,TER,BERTScore,WER,CER,ROUGE-1,ROUGE-2,ROUGE-L
Qwen2.5-1.5B-Instruct,1.388821783411968,19.736730826171566,1073.9401496259352,-0.13392582535743713,10.75062370300293,8.890998840332031,0.09270711508692266,0.04075256374875183,0.0777323132300108
