,BLEU,chrF,TER,BERTScore,WER,CER,ROUGE-1,ROUGE-2,ROUGE-L
Qwen2.5-0.5B-Instruct,1.8474094997365718,20.023816994776208,721.3447653429603,-0.29991158843040466,7.218863010406494,5.892801761627197,0.06640518396667967,0.029442409658252355,0.056854917740912815
