,BLEU,chrF,TER,BERTScore,WER,CER,ROUGE-1,ROUGE-2,ROUGE-L
Qwen2.5-3B-Instruct,2.716093180801192,25.14421025657656,596.9158389963409,-0.13933402299880981,5.992158889770508,6.155570983886719,0.17111750717306903,0.06707642286090963,0.13802309433474602
