,BLEU,chrF,TER,BERTScore,WER,CER,ROUGE-1,ROUGE-2,ROUGE-L
Qwen2.5-1.5B-Instruct,2.3957440120459736,22.51021861475041,682.6561817387505,-0.18164119124412537,6.840105056762695,6.643723964691162,0.1091992023406403,0.04994226483028123,0.08814217373801213
