,BLEU,chrF,TER,BERTScore,WER,CER,ROUGE-1,ROUGE-2,ROUGE-L
Qwen2.5-1.5B-Instruct,0.036968804620248166,1.9232896092428866,1006.5426997245179,-0.3812209665775299,10.06542682647705,9.531609535217285,0.0070459955147881784,0.001506256358659084,0.00687358172168473
