,BLEU,chrF,TER,BERTScore,WER,CER,ROUGE-1,ROUGE-2,ROUGE-L
Qwen2.5-3B-Instruct,0.9619234746621097,17.503306899000147,946.8861846814602,-0.08650261908769608,9.482462882995605,8.418118476867676,0.10963474597857095,0.034861301269356625,0.08747047983762139
