,BLEU,chrF,TER,BERTScore,WER,CER,ROUGE-1,ROUGE-2,ROUGE-L
Qwen2.5-3B-Instruct,1.6041377714624796,14.618263807924976,307.323568575233,-0.7403661012649536,3.087217092514038,2.8410983085632324,0.15269189085498835,0.032317894320531254,0.12618664354638176
