,BLEU,chrF,TER,BERTScore,WER,CER,ROUGE-1,ROUGE-2,ROUGE-L
Qwen2.5-1.5B-Instruct,0.4295505578395911,16.460723950799405,479.1396854764107,-0.5275138020515442,4.813136100769043,4.728486061096191,0.13923713842606347,0.01578200354273597,0.0971472588732632
