,BLEU,chrF,TER,BERTScore,WER,CER,ROUGE-1,ROUGE-2,ROUGE-L
Qwen2.5-1.5B-Instruct,0.3534773066733705,11.719229385651305,1185.683607730852,-0.22826677560806274,11.86327838897705,10.588175773620605,0.0628572452016667,0.011399560393472945,0.04537861271422763
