,BLEU,chrF,TER,BERTScore,WER,CER,ROUGE-1,ROUGE-2,ROUGE-L
Qwen2.5-0.5B-Instruct,0.1679267345068351,11.78648682613832,416.23496762257173,-0.5935186147689819,4.175300598144531,4.2307233810424805,0.11058290008143694,0.007141805719607894,0.0860709712023042
