,BLEU,chrF,TER,BERTScore,WER,CER,ROUGE-1,ROUGE-2,ROUGE-L
Qwen2.5-3B-Instruct,1.3465490722553204,21.011527418906187,574.1807348560079,-0.27558594942092896,5.761171817779541,5.90165901184082,0.12682471156880054,0.03699551392884623,0.09832806175790502
