,BLEU,chrF,TER,BERTScore,WER,CER,ROUGE-1,ROUGE-2,ROUGE-L
Qwen2.5-0.5B-Instruct,0.012978191855620894,0.8092398523639946,1095.5215419501133,-0.6514356732368469,10.955781936645508,8.59850788116455,0.003284644467531117,0.0010350118308192844,0.0031417873246739735
