,BLEU,chrF,TER,BERTScore,WER,CER,ROUGE-1,ROUGE-2,ROUGE-L
Qwen2.5-3B-Instruct,0.07704400821989836,13.168374331515654,606.5192743764172,0.1656920462846756,6.067460536956787,4.85183572769165,0.007998724224081351,0.0027285309132161085,0.007998724224081351
