,BLEU,chrF,TER,BERTScore,WER,CER,ROUGE-1,ROUGE-2,ROUGE-L
Qwen2.5-3B-Instruct,2.4255572372653784,25.127310220278844,754.9104720564297,0.23579658567905426,7.555073261260986,6.325458526611328,0.005969931797978828,0.000998805256869773,0.005969931797978828
