,BLEU,chrF,TER,BERTScore,WER,CER,ROUGE-1,ROUGE-2,ROUGE-L
Qwen2.5-3B-Instruct,4.953070666159891,33.23613706959077,492.33390119250424,-0.29894328117370605,4.9582624435424805,4.843449592590332,0.2992473454112512,0.15582831061942579,0.25364203210019554
