,BLEU,chrF,TER,BERTScore,WER,CER,ROUGE-1,ROUGE-2,ROUGE-L
Qwen2.5-0.5B-Instruct,0.5533089066557274,11.929676176211784,912.6424308193164,-0.042048465460538864,9.132392883300781,7.428799152374268,0.00359457175528151,0.00026430186054599204,0.003501113811356276
