,BLEU,chrF,TER,BERTScore,WER,CER,ROUGE-1,ROUGE-2,ROUGE-L
Qwen2.5-0.5B-Instruct,2.4517733617205377,22.55754822096328,764.2716535433071,-0.12182115763425827,7.672244071960449,7.741893291473389,0.13666723310260065,0.05713607768742967,0.10890611022963272
