,BLEU,chrF,TER,BERTScore,WER,CER,ROUGE-1,ROUGE-2,ROUGE-L
Qwen2.5-3B-Instruct,0.38767121095675444,10.66871313103385,348.4736355226642,-0.6233269572257996,3.497687339782715,3.724757671356201,0.1189226287018098,0.012476782294467297,0.09629852977769388
