,BLEU,chrF,TER,BERTScore,WER,CER,ROUGE-1,ROUGE-2,ROUGE-L
Qwen2.5-1.5B-Instruct,4.941835263541923,32.36237944482794,351.47435897435895,-0.28860244154930115,3.564423084259033,3.9417243003845215,0.27605622706255695,0.12037500614992086,0.21274946947899678
