,BLEU,chrF,TER,BERTScore,WER,CER,ROUGE-1,ROUGE-2,ROUGE-L
Qwen2.5-3B-Instruct,0.43541892709798835,20.174824006514122,998.5015772870662,-0.12820746004581451,9.9905366897583,6.934124946594238,0.06568749069377647,0.018794213546730675,0.05625624266304961
