,BLEU,chrF,TER,BERTScore,WER,CER,ROUGE-1,ROUGE-2,ROUGE-L
Qwen2.5-0.5B-Instruct,3.055661807970562,28.86737769608886,444.35897435897436,-0.2459660768508911,4.483333110809326,4.586034774780273,0.2192332982023771,0.07621318464883045,0.15550411557538416
