,BLEU,chrF,TER,BERTScore,WER,CER,ROUGE-1,ROUGE-2,ROUGE-L
Qwen2.5-1.5B-Instruct,2.862261468124377,24.75606930325363,631.6439522998296,-0.3606638014316559,6.354770183563232,6.297227382659912,0.21915035528736646,0.09286451404964546,0.16979182118181238
