,BLEU,chrF,TER,BERTScore,WER,CER,ROUGE-1,ROUGE-2,ROUGE-L
Qwen2.5-1.5B-Instruct,2.1098271389261036,21.542287642404684,733.303249097473,-0.23503242433071136,7.33980131149292,6.0876784324646,0.08216783372580341,0.03734515455210095,0.06942698083633995
