,BLEU,chrF,TER,BERTScore,WER,CER,ROUGE-1,ROUGE-2,ROUGE-L
Qwen2.5-1.5B-Instruct,1.2583315190221733,19.544497658766797,1005.3622361665716,-0.15054935216903687,10.062179565429688,8.222444534301758,0.08393601163619975,0.034375935593812974,0.07008724608994084
