,BLEU,chrF,TER,BERTScore,WER,CER,ROUGE-1,ROUGE-2,ROUGE-L
Qwen2.5-3B-Instruct,3.248357899881178,26.11169465947424,684.0190816935003,-0.09106660634279251,6.875372886657715,6.828963756561279,0.17507338710280745,0.08316744125684034,0.14902183254703974
