,BLEU,chrF,TER,BERTScore,WER,CER,ROUGE-1,ROUGE-2,ROUGE-L
Qwen2.5-1.5B-Instruct,0.12218348127215452,13.067469848469527,1165.0,-0.39341720938682556,11.652597427368164,8.740262031555176,0.03209938541797723,0.00559615615101334,0.02697659061723511
