,BLEU,chrF,TER,BERTScore,WER,CER,ROUGE-1,ROUGE-2,ROUGE-L
Qwen2.5-1.5B-Instruct,0.7919331065923333,13.620543028182041,358.45539280958724,-0.7267162203788757,3.5998668670654297,3.3298447132110596,0.13903861530191905,0.017275667847528674,0.10582092239926616
