,BLEU,chrF,TER,BERTScore,WER,CER,ROUGE-1,ROUGE-2,ROUGE-L
Qwen2.5-0.5B-Instruct,0.44832942358653094,17.437596553908712,668.9672293942403,-0.31963980197906494,6.708043575286865,6.665041923522949,0.0898911275170498,0.014329363419010581,0.06602242602676596
