,BLEU,chrF,TER,BERTScore,WER,CER,ROUGE-1,ROUGE-2,ROUGE-L
Qwen2.5-1.5B-Instruct,1.2602422252490335,20.379253491762455,713.8003136434919,-0.18597954511642456,7.166753768920898,7.467144012451172,0.12999702800683852,0.034185324655890685,0.096656006163071
