,BLEU,chrF,TER,BERTScore,WER,CER,ROUGE-1,ROUGE-2,ROUGE-L
Qwen2.5-3B-Instruct,0.35437456572043463,18.192186906414193,806.6883116883117,-0.19693320989608765,8.070778846740723,6.359476089477539,0.06578149916207235,0.013066512616219494,0.05441067554069509
