,BLEU,chrF,TER,BERTScore,WER,CER,ROUGE-1,ROUGE-2,ROUGE-L
Qwen2.5-0.5B-Instruct,0.1046341221053335,9.267030239917982,1327.2727272727273,-0.3923819661140442,13.280601501464844,11.647971153259277,0.034056309841506247,0.003752613855660409,0.02572376631682265
