,BLEU,chrF,TER,BERTScore,WER,CER,ROUGE-1,ROUGE-2,ROUGE-L
Qwen2.5-3B-Instruct,3.773717384092884,29.256911877015902,591.5613718411552,-0.10692843794822693,5.9268951416015625,5.072567939758301,0.15060683160444455,0.07378484452769155,0.1311577406009838
