,BLEU,chrF,TER,BERTScore,WER,CER,ROUGE-1,ROUGE-2,ROUGE-L
Qwen2.5-3B-Instruct,6.591684135393193,36.634470665424004,333.6858974358974,-0.2268386334180832,3.3961539268493652,3.6343722343444824,0.3083767857194296,0.15497376106682906,0.2498395528537049
