,BLEU,chrF,TER,BERTScore,WER,CER,ROUGE-1,ROUGE-2,ROUGE-L
Qwen2.5-0.5B-Instruct,1.9138026446314018,22.969137836878854,673.679727427598,-0.40631768107414246,6.757666110992432,6.518427848815918,0.2022459033195772,0.06925722997844812,0.15015261415288036
