,BLEU,chrF,TER,BERTScore,WER,CER,ROUGE-1,ROUGE-2,ROUGE-L
Qwen2.5-1.5B-Instruct,0.9107691675656452,13.020257975980346,942.539338035811,-0.08051881194114685,9.427021026611328,7.782375335693359,0.003667549893992763,0.0006784820209611162,0.003667549893992763
