,BLEU,chrF,TER,BERTScore,WER,CER,ROUGE-1,ROUGE-2,ROUGE-L
Qwen2.5-3B-Instruct,0.114035952821533,12.633133263610329,5425.174825174825,0.13743098080158234,54.251747131347656,11.491944313049316,0.02509690769272952,0.01150741733489783,0.024932973266500014
