,BLEU,chrF,TER,BERTScore,WER,CER,ROUGE-1,ROUGE-2,ROUGE-L
Qwen2.5-0.5B-Instruct,0.8394224585474748,16.682167716211797,862.4925462134765,-0.23506073653697968,8.647584915161133,8.607452392578125,0.09556312655925403,0.02150232049789897,0.07145202008035866
