,BLEU,chrF,TER,BERTScore,WER,CER,ROUGE-1,ROUGE-2,ROUGE-L
Qwen2.5-0.5B-Instruct,0.02250647842428316,0.2512066445606495,1291.5289256198348,-0.8335097432136536,12.915288925170898,12.398872375488281,0.005014233117636052,0.0010707303301156017,0.005014233117636052
