,BLEU,chrF,TER,BERTScore,WER,CER,ROUGE-1,ROUGE-2,ROUGE-L
Qwen2.5-1.5B-Instruct,3.1017833909718773,24.876158229818838,774.3110236220472,-0.04257063940167427,7.784448623657227,7.931051254272461,0.1602235029046548,0.07850319961287407,0.12810508393889378
