,BLEU,chrF,TER,BERTScore,WER,CER,ROUGE-1,ROUGE-2,ROUGE-L
Qwen2.5-1.5B-Instruct,1.109456297549783,20.10239510655372,655.9582919563059,-0.26042068004608154,6.579940319061279,6.755600929260254,0.12242779082379926,0.02940673542199358,0.08652117703157272
