,BLEU,chrF,TER,BERTScore,WER,CER,ROUGE-1,ROUGE-2,ROUGE-L
Qwen2.5-3B-Instruct,3.846659205338621,28.42650378081012,591.5683704674531,-0.11441939324140549,5.923547267913818,5.771162986755371,0.16525519174114456,0.0923220699427297,0.14376189534562395
