,BLEU,chrF,TER,BERTScore,WER,CER,ROUGE-1,ROUGE-2,ROUGE-L
Qwen2.5-3B-Instruct,2.7686027721128648,27.41997081641249,769.6520250998288,-0.03740307688713074,7.7147746086120605,6.534090042114258,0.14723894458309736,0.07262973836641441,0.12835649209594097
