,BLEU,chrF,TER,BERTScore,WER,CER,ROUGE-1,ROUGE-2,ROUGE-L
Qwen2.5-3B-Instruct,4.870942710330207,30.809861773200414,621.9488188976378,-0.0063486783765256405,6.250984191894531,6.289469242095947,0.2078100316491406,0.11977286858079951,0.18203208650368277
