,BLEU,chrF,TER,BERTScore,WER,CER,ROUGE-1,ROUGE-2,ROUGE-L
Qwen2.5-1.5B-Instruct,1.958304591966795,20.81828570839795,794.0966010733453,-0.1842074990272522,7.970184803009033,8.002167701721191,0.12249365632380328,0.04344964264060682,0.096912656720415
