,BLEU,chrF,TER,BERTScore,WER,CER,ROUGE-1,ROUGE-2,ROUGE-L
Qwen2.5-0.5B-Instruct,0.11264463509222096,12.632423932686551,1178.5064935064936,-0.47839489579200745,11.787013053894043,8.699213981628418,0.02954573626306344,0.004984990196561637,0.025478336266269497
