,BLEU,chrF,TER,BERTScore,WER,CER,ROUGE-1,ROUGE-2,ROUGE-L
Qwen2.5-0.5B-Instruct,0.1410333047529063,7.803455827943026,247.60319573901467,-0.810340940952301,2.4786951541900635,2.183884859085083,0.11132329749715797,0.0036472299630194373,0.09469210279663436
