,BLEU,chrF,TER,BERTScore,WER,CER,ROUGE-1,ROUGE-2,ROUGE-L
Qwen2.5-0.5B-Instruct,0.5368166803722585,16.655070576579092,753.6853110297961,-0.27755144238471985,7.555149078369141,7.612883567810059,0.08847717720991302,0.01113781791735805,0.06578743850709362
