,BLEU,chrF,TER,BERTScore,WER,CER,ROUGE-1,ROUGE-2,ROUGE-L
Qwen2.5-3B-Instruct,0.16242051459017853,7.591799528607497,530.3030303030303,0.19082608819007874,5.303030490875244,4.7781829833984375,0.019287221827409426,0.005007713152874444,0.018707511682481887
