,BLEU,chrF,TER,BERTScore,WER,CER,ROUGE-1,ROUGE-2,ROUGE-L
Qwen2.5-1.5B-Instruct,0.05082324864653399,4.329660116351104,10720.27972027972,-0.22737060487270355,107.20279693603516,18.483522415161133,0.014193863842626915,0.005340760317774275,0.01409862574738882
