,BLEU,chrF,TER,BERTScore,WER,CER,ROUGE-1,ROUGE-2,ROUGE-L
Qwen2.5-0.5B-Instruct,2.219448826815987,21.68988104333136,676.8894713848842,-0.20123876631259918,6.779816627502441,6.487334251403809,0.10887153289209589,0.04388870126717594,0.08275789779771033
