,BLEU,chrF,TER,BERTScore,WER,CER,ROUGE-1,ROUGE-2,ROUGE-L
Qwen2.5-0.5B-Instruct,0.15352884485430546,13.169384024373358,1358.9116719242902,-0.3653862774372101,13.590694427490234,8.78548812866211,0.024103227934799798,0.003201700036128482,0.020232076002556543
