,BLEU,chrF,TER,BERTScore,WER,CER,ROUGE-1,ROUGE-2,ROUGE-L
Qwen2.5-0.5B-Instruct,0.042383548161787944,5.335408108146841,9906.293706293707,-0.11003570258617401,99.06293487548828,17.55108070373535,0.01381468817034229,0.003908068696749453,0.01372034854770078
