,BLEU,chrF,TER,BERTScore,WER,CER,ROUGE-1,ROUGE-2,ROUGE-L
Qwen2.5-0.5B-Instruct,1.0459595842229248,18.595144785294515,989.6177980604679,-0.1890263706445694,9.907587051391602,7.948365211486816,0.07763268541033122,0.026845897578145154,0.06421446228479763
