,BLEU,chrF,TER,BERTScore,WER,CER,ROUGE-1,ROUGE-2,ROUGE-L
Qwen2.5-1.5B-Instruct,0.016317162020173748,3.386815438707845,1032.1995464852607,-0.35274001955986023,10.321995735168457,8.179683685302734,0.0031498072203227844,0.0005747226074895977,0.0026498072203227844
