,BLEU,chrF,TER,BERTScore,WER,CER,ROUGE-1,ROUGE-2,ROUGE-L
Qwen2.5-1.5B-Instruct,0.1772093055188217,14.053287598002736,1361.6719242902209,-0.3207422196865082,13.620662689208984,8.925505638122559,0.032795730594702754,0.006375445260746261,0.02881352743418672
