,BLEU,chrF,TER,BERTScore,WER,CER,ROUGE-1,ROUGE-2,ROUGE-L
gemma2-9b-it (Google) - Prompt 1,2.7025267864264038,38.49237923881769,397.47634069400635,0.17184558510780334,tensor(3.9905),tensor(2.7758),0.26518203394704387,0.13401153444135294,0.24512470766447458
gemma-7b-it (Google) - Prompt 1,7.839587071475887,41.85635367883111,86.98738170347004,0.2902386486530304,tensor(0.8778),tensor(0.5998),0.3437936829281685,0.1366510221142303,0.3117423708238965
llama3-groq-70b-8192-tool-use-preview (Groq) - Prompt 1,6.086728553104645,39.122117616908504,245.2681388012618,0.41256722807884216,tensor(2.4708),tensor(2.3277),0.46664579093778136,0.24864415507298251,0.419481311950885
llama3-groq-8b-8192-tool-use-preview (Groq) - Prompt 1,7.145854797616109,39.15791166572289,104.73186119873816,0.1883803755044937,tensor(1.0584),tensor(0.6880),0.3188079716853394,0.14343068465979486,0.2893059381791857
llama-3.1-70b-versatile (Meta) - Prompt 1,16.65377619505329,56.0161784667937,80.20504731861199,0.4592720866203308,tensor(0.8273),tensor(0.5556),0.5020044039771534,0.2778416820204215,0.4556254720757425
llama-3.1-8b-instant (Meta) - Prompt 1,4.373466334323762,42.21335341463887,225.0,0.2068098485469818,tensor(2.2674),tensor(1.7895),0.29965393374021987,0.141877507577406,0.26912231332367187
mixtral-8x7b-32768 (Mistral) - Prompt 1,1.5630218540986003,32.02890823544129,403.70662460567826,0.11750373989343643,tensor(4.0505),tensor(2.7766),0.18856512869841946,0.07054119493800672,0.16572033229219307
llama-3.2-90b-vision-preview (Meta) - Prompt 1,15.205763527505908,55.72035486764957,92.03470031545741,0.45241501927375793,tensor(0.9464),tensor(0.6357),0.4950178235145474,0.27676994418561784,0.4491487185797599
