,BLEU,chrF,TER,BERTScore,WER,CER,ROUGE-1,ROUGE-2,ROUGE-L
gemma2-9b-it (Google),15.919346077689283,51.71083216998178,121.1186617877679,0.4659711420536041,1.2671197652816772,0.9876681566238403,0.4715180104147013,0.2608530992598913,0.41537021572434946
gemma-7b-it (Google),15.704194057128671,45.37333527957339,77.83585990590696,0.5006986856460571,0.8222686648368835,0.6274577379226685,0.480527999183514,0.21532704514792944,0.42108413794142907
llama3-groq-70b-8192-tool-use-preview (Groq),22.972810606785586,53.760069492915164,71.04025091479352,0.6251543164253235,0.751698911190033,0.5874439477920532,0.5907759491611219,0.3226660826683723,0.5229792240882095
llama3-groq-8b-8192-tool-use-preview (Groq),19.24421620941113,51.35144522552591,81.18139048614741,0.5207187533378601,0.855201244354248,0.662814736366272,0.5400698204518641,0.2679843716404977,0.47128860248877574
llama-3.1-70b-versatile (Meta),28.551763077047443,57.28819419936501,58.912702561421845,0.6968128681182861,0.6398327350616455,0.46171092987060547,0.6405184978718799,0.38053797441662895,0.5730090490454043
llama-3.1-8b-instant (Meta),16.947245714530972,50.83372915038182,102.97961317302666,0.5754966735839844,1.0768426656723022,0.8997067809104919,0.5482833913443428,0.2917119519144989,0.4869106947137623
mixtral-8x7b-32768 (Mistral),10.565587244880664,44.59681853250097,157.2399372713016,0.4659673273563385,1.6142184734344482,1.4286823272705078,0.4538600500545622,0.22447559661088826,0.4007435099174492
llama-3.2-90b-vision-preview (Meta),28.998296830552725,57.93288302210839,58.07631991636174,0.7019023299217224,0.6330370903015137,0.45334598422050476,0.6429448232033763,0.39230116929250997,0.5838115068150298
