,BLEU,chrF,TER,BERTScore,WER,CER,ROUGE-1,ROUGE-2,ROUGE-L
gemma2-9b-it (Google),15.405519627262224,51.76117783571379,136.67413213885777,0.4696922302246094,1.4277715682983398,1.1638336181640625,0.4741677851490415,0.2697240561063516,0.40323156372817115
gemma-7b-it (Google),15.97791861357473,46.544313094833576,83.73287671232876,0.53469318151474,0.8995434045791626,0.7020715475082397,0.4923845612762801,0.21690170777959925,0.41447999546668224
llama3-groq-70b-8192-tool-use-preview (Groq),25.686892237661812,55.767254642534326,68.86898096304591,0.6544082760810852,0.7480403184890747,0.5714011192321777,0.5999775062104716,0.32677428860215363,0.5119628109225564
llama3-groq-8b-8192-tool-use-preview (Groq),15.385866439743598,49.12221194931635,95.12877939529675,0.48243075609207153,1.0117580890655518,0.8062037825584412,0.5041284707393454,0.24089405007383946,0.411907208848141
llama-3.1-70b-versatile (Meta),31.09074254019845,59.19745884679243,60.3023516237402,0.7013129591941833,0.6752519607543945,0.5032171607017517,0.6414834154343458,0.3757613753217642,0.5555528673243549
llama-3.1-8b-instant (Meta),21.86464455271601,54.025110778036044,76.37178051511758,0.6123100519180298,0.828667402267456,0.6407375335693359,0.580147072453459,0.3052935187295778,0.4843456107650544
mixtral-8x7b-32768 (Mistral),11.582469986707322,45.774822408977286,122.9003359462486,0.5111740827560425,1.2922732830047607,1.084413766860962,0.4822225993923076,0.21333316957795906,0.390976408950125
llama-3.2-90b-vision-preview (Meta),30.745684131299253,59.10999638857308,60.806270996640535,0.70039963722229,0.6786113977432251,0.5026409029960632,0.6378801444301689,0.3710833343199987,0.5555368401891172
