,BLEU,chrF,TER,BERTScore,WER,CER,ROUGE-1,ROUGE-2,ROUGE-L
gemma2-9b-it (Google) - Prompt 1,8.107932691484923,45.54318813863464,245.08952794357026,0.5512468814849854,tensor(2.4688),tensor(1.9937),0.0587667087466837,0.034348852901484477,0.0587667087466837
gemma-7b-it (Google) - Prompt 1,17.59260919918002,50.0531474774619,78.0249593054802,0.6488519906997681,tensor(0.7987),tensor(0.5851),0.09883333333333333,0.04095238095238095,0.09883333333333333
llama3-groq-70b-8192-tool-use-preview (Groq) - Prompt 1,25.50810531438537,58.69059248922114,67.60716223548562,0.709342896938324,tensor(0.7032),tensor(0.5092),0.12683333333333333,0.04095238095238095,0.12283333333333334
llama3-groq-8b-8192-tool-use-preview (Groq) - Prompt 1,19.74363911931879,50.430285039567494,76.88551275094953,0.5436459183692932,tensor(0.7911),tensor(0.5679),0.0913835978835979,0.02828571428571429,0.0873835978835979
llama-3.1-70b-versatile (Meta) - Prompt 1,17.65080333774896,56.8118172659409,116.76614215952253,0.6855369806289673,tensor(1.1997),tensor(0.9238),0.10977715951245362,0.03244642857142857,0.10577715951245363
llama-3.1-8b-instant (Meta) - Prompt 1,8.51249562691132,46.55758988462221,231.7417254476397,0.546457052230835,tensor(2.3364),tensor(1.8441),0.06221609118644159,0.04454545454545455,0.06221609118644159
mixtral-8x7b-32768 (Mistral) - Prompt 1,9.91383107266695,47.8481921220043,187.90016277807922,0.5813109874725342,tensor(1.9099),tensor(1.5075),0.1026184649980706,0.0387001287001287,0.1026184649980706
llama-3.2-90b-vision-preview (Meta) - Prompt 1,16.284140615024363,55.92441447619974,134.45469343461747,0.6704649329185486,tensor(1.3738),tensor(1.0874),0.10727056042548998,0.031182065217391305,0.10327056042549
