,BLEU,chrF,TER,BERTScore,WER,CER,ROUGE-1,ROUGE-2,ROUGE-L
Phi-3.5-mini-instruct,1.9642635679799654,22.814815810668872,521.0640608034745,-0.18071946501731873,5.236699104309082,5.717580795288086,0.16444732764443148,0.054477855836687655,0.1398196734805866
