,BLEU,chrF,TER,BERTScore,WER,CER,ROUGE-1,ROUGE-2,ROUGE-L
Phi-3.5-mini-instruct,2.8550920060955294,24.57953537572123,680.7733619763695,-0.1592564582824707,6.839957237243652,6.944374084472656,0.14745110729921973,0.06429189560560625,0.12549505801135893
