,BLEU,chrF,TER,BERTScore,WER,CER,ROUGE-1,ROUGE-2,ROUGE-L
Phi-3.5-mini-instruct,4.244894047456854,30.819463092467164,477.5587566338135,-0.3869495689868927,4.812736988067627,5.017196178436279,0.28755788588458114,0.1386008409952048,0.24206487618924843
