,BLEU,chrF,TER,BERTScore,WER,CER,ROUGE-1,ROUGE-2,ROUGE-L
Phi-3.5-mini-instruct,6.048017636525309,33.366536223090804,495.0668036998972,0.03715796396136284,5.002055644989014,5.20979118347168,0.26301656664462236,0.1562489246213706,0.2313887267180304
