,BLEU,chrF,TER,BERTScore,WER,CER,ROUGE-1,ROUGE-2,ROUGE-L
Phi-3.5-mini-instruct,1.8426513683221928,23.70947319044578,763.0751964085297,-0.1454731523990631,7.639730453491211,6.4128499031066895,0.1100179854394835,0.05527043343899514,0.10029429301032364
