,BLEU,chrF,TER,BERTScore,WER,CER,ROUGE-1,ROUGE-2,ROUGE-L
Phi-3.5-mini-instruct,9.645663518828858,43.20860146949861,189.25518925518924,-0.15554197132587433,1.9444444179534912,2.1136739253997803,0.399523871211978,0.21069962147810206,0.3368440227643822
