,BLEU,chrF,TER,BERTScore,WER,CER,ROUGE-1,ROUGE-2,ROUGE-L
Phi-3.5-mini-instruct,0.2881824651003253,10.775027052610934,199.23857868020306,-0.7424769401550293,1.9949238300323486,1.9764857292175293,0.1365856176987093,0.0018365472910927456,0.11613576429691079
