,BLEU,chrF,TER,BERTScore,WER,CER,ROUGE-1,ROUGE-2,ROUGE-L
Phi-3.5-mini-instruct,0.4156590268903519,18.895064477092543,468.13495782567946,-0.45502129197120667,4.699156284332275,4.606498718261719,0.13122261459849288,0.014040896783597732,0.10354495452686589
