,BLEU,chrF,TER,BERTScore,WER,CER,ROUGE-1,ROUGE-2,ROUGE-L
Phi-3.5-mini-instruct,1.1806139361355905,21.72061778393764,470.0417536534447,-0.24214020371437073,4.720250606536865,4.974621295928955,0.1519335592518006,0.03728523626228738,0.11627340855783913
