,BLEU,chrF,TER,BERTScore,WER,CER,ROUGE-1,ROUGE-2,ROUGE-L
Qwen2.5-3B-Instruct,0.1532132950652283,7.232301691987517,593.5302390998594,0.14368513226509094,5.935302257537842,5.327559471130371,0.01542761424202089,0.003184488889895581,0.01542761424202089
