,BLEU,chrF,TER,BERTScore,WER,CER,ROUGE-1,ROUGE-2,ROUGE-L
Qwen2.5-3B-Instruct,0.08505513936283997,13.632381598772684,605.568445475638,0.14034651219844818,6.056844711303711,4.8078436851501465,0.005691199092524152,0.0005970149253731343,0.005691199092524152
