,BLEU,chrF,TER,BERTScore,WER,CER,ROUGE-1,ROUGE-2,ROUGE-L
Qwen2.5-3B-Instruct,2.865274869629186,26.776206384811495,667.8102926337034,-0.12383249402046204,6.703330039978027,6.419565677642822,0.15240838971255152,0.08232695083753315,0.13437427358726758
