,BLEU,chrF,TER,BERTScore,WER,CER,ROUGE-1,ROUGE-2,ROUGE-L
Qwen2.5-3B-Instruct,2.6324465683725,27.10790480554538,624.1505968778697,0.2888127565383911,6.247933864593506,5.107091903686523,0.008457212222922996,0.0015405753259930101,0.008457212222922996
