,BLEU,chrF,TER,BERTScore,WER,CER,ROUGE-1,ROUGE-2,ROUGE-L
Qwen2.5-3B-Instruct,2.313881976541687,25.5599844419197,916.4588528678305,-0.047911547124385834,9.1832914352417,7.73101282119751,0.12944872724285764,0.06587196070618886,0.11511223506314396
