,BLEU,chrF,TER,BERTScore,WER,CER,ROUGE-1,ROUGE-2,ROUGE-L
Qwen2.5-3B-Instruct,1.0620913823211235,15.219198858462194,332.37410071942446,-0.7171849012374878,3.333812952041626,3.1137797832489014,0.16409213489550734,0.03186438325643511,0.13615530172320503
