,BLEU,chrF,TER,BERTScore,WER,CER,ROUGE-1,ROUGE-2,ROUGE-L
Qwen2.5-3B-Instruct,0.4855039330511884,19.004876019060198,1094.8504983388705,-0.15658944845199585,10.95514965057373,7.768223285675049,0.056359696805543126,0.014404213937217539,0.05116834677125615
