,BLEU,chrF,TER,BERTScore,WER,CER,ROUGE-1,ROUGE-2,ROUGE-L
Qwen2.5-3B-Instruct,4.065101731299876,28.156580764192874,635.9828141783029,-0.06886378675699234,6.38560676574707,6.233158588409424,0.1837020225159113,0.09354714175174783,0.15919814736991986
