,BLEU,chrF,TER,BERTScore,WER,CER,ROUGE-1,ROUGE-2,ROUGE-L
Qwen2.5-3B-Instruct,0.35716381574607997,17.401678638331063,861.5591397849462,-0.21206575632095337,8.620967864990234,6.628376007080078,0.06516119614076298,0.01315735406391619,0.05513690311891116
