,BLEU,chrF,TER,BERTScore,WER,CER,ROUGE-1,ROUGE-2,ROUGE-L
Qwen2.5-3B-Instruct,1.0820173723403868,18.92934880440588,826.5917602996255,-0.0932837501168251,8.274656295776367,7.261577129364014,0.11057683315750629,0.033404790248844414,0.0831326756044712
