,BLEU,chrF,TER,BERTScore,WER,CER,ROUGE-1,ROUGE-2,ROUGE-L
Qwen2.5-3B-Instruct,4.550302321163925,29.115448644427584,684.2754367934224,-0.0192402433604002,6.878725528717041,6.964144229888916,0.1902991049697269,0.10933620388033574,0.16840061167786527
