,BLEU,chrF,TER,BERTScore,WER,CER,ROUGE-1,ROUGE-2,ROUGE-L
Qwen2.5-3B-Instruct,2.3449083103005472,26.914462500751362,738.3838383838385,-0.11514442414045334,7.402917861938477,6.1986870765686035,0.13294526645731033,0.061538778328303324,0.11342924406245825
