,BLEU,chrF,TER,BERTScore,WER,CER,ROUGE-1,ROUGE-2,ROUGE-L
Qwen2.5-3B-Instruct,0.12628023657195622,13.712056885063529,4587.341772151899,0.17053347826004028,45.873416900634766,10.468085289001465,0.023821251847577763,0.011114356613420959,0.0227528757792017
