,BLEU,chrF,TER,BERTScore,WER,CER,ROUGE-1,ROUGE-2,ROUGE-L
Qwen2.5-3B-Instruct,2.135567163892828,23.070021526974003,642.5624321389794,-0.15289272367954254,6.451683044433594,6.69760274887085,0.1609659984032046,0.05632620366003076,0.1342532924964976
