,BLEU,chrF,TER,BERTScore,WER,CER,ROUGE-1,ROUGE-2,ROUGE-L
Qwen2.5-3B-Instruct,8.251640655318045,39.54083045183935,281.56288156288156,-0.2226264625787735,2.8693528175354004,3.0836009979248047,0.3593824872655744,0.19578796310457477,0.29516122428666336
