,BLEU,chrF,TER,BERTScore,WER,CER,ROUGE-1,ROUGE-2,ROUGE-L
Qwen2.5-3B-Instruct,0.2026375694021815,10.945882536342932,357.45909528392684,-0.6318549513816833,3.5861406326293945,3.7938475608825684,0.11510978822323967,0.009488074535811877,0.09238811284845687
