,BLEU,chrF,TER,BERTScore,WER,CER,ROUGE-1,ROUGE-2,ROUGE-L
Qwen2.5-3B-Instruct,4.435978385194401,31.235148883770663,479.9848369977256,-0.34132567048072815,4.8309326171875,4.771793842315674,0.2806101948544293,0.13431155585016014,0.23325152359191295
