,BLEU,chrF,TER,BERTScore,WER,CER,ROUGE-1,ROUGE-2,ROUGE-L
Qwen2.5-3B-Instruct,1.7506990513192766,21.768814267910162,635.490605427975,-0.24006102979183197,6.367432117462158,6.702391624450684,0.1397150593150354,0.04899031751183158,0.10927883327574625
