,BLEU,chrF,TER,BERTScore,WER,CER,ROUGE-1,ROUGE-2,ROUGE-L
Phi-3.5-mini-instruct,2.2821155299233764,25.85329083475803,599.9081726354453,0.20743873715400696,6.0027546882629395,4.855307102203369,0.007029098100388027,0.0009806576402321082,0.007029098100388027
