,BLEU,chrF,TER,BERTScore,WER,CER,ROUGE-1,ROUGE-2,ROUGE-L
Phi-3.5-mini-instruct,0.13327281869215113,9.938031565608465,5725.316455696203,0.13751201331615448,57.25316619873047,10.710498809814453,0.019389383870020864,0.007866798006359787,0.019389383870020864
