,BLEU,chrF,TER,BERTScore,WER,CER,ROUGE-1,ROUGE-2,ROUGE-L
Phi-3.5-mini-instruct,0.037015826627762226,0.6749853049248564,520.3016241299304,-0.5692739486694336,5.20301628112793,4.01909875869751,0.006001622690911472,0.0006153846153846154,0.006001622690911472
