,BLEU,chrF,TER,BERTScore,WER,CER,ROUGE-1,ROUGE-2,ROUGE-L
Phi-3.5-mini-instruct,3.359103150341538,28.833070144292662,796.5087281795511,-0.011604031547904015,7.9875311851501465,6.860759258270264,0.16085496813453343,0.09179006291847819,0.14806490085995178
