,BLEU,chrF,TER,BERTScore,WER,CER,ROUGE-1,ROUGE-2,ROUGE-L
Phi-3.5-mini-instruct,0.2009868440395994,15.553172854837563,780.7795698924731,-0.40148407220840454,7.807795524597168,6.123874664306641,0.04323752021525119,0.010302613020908504,0.04041384996660146
