,BLEU,chrF,TER,BERTScore,WER,CER,ROUGE-1,ROUGE-2,ROUGE-L
Phi-3.5-mini-instruct,0.07553172691496021,1.74394076101479,389.732770745429,0.06392502784729004,3.8973276615142822,3.6955363750457764,0.018926881625337552,0.0032733366851013914,0.01778402448248041
