,BLEU,chrF,TER,BERTScore,WER,CER,ROUGE-1,ROUGE-2,ROUGE-L
Phi-3.5-mini-instruct,0.6064386044130295,19.49914067188632,938.0398671096347,-0.14913588762283325,9.390365600585938,6.58807897567749,0.0721063155697521,0.01872275986950739,0.06537586295597489
