,BLEU,chrF,TER,BERTScore,WER,CER,ROUGE-1,ROUGE-2,ROUGE-L
Phi-3.5-mini-instruct,4.167308676878929,29.949279548756376,488.49646821392537,-0.05586608871817589,4.9011101722717285,4.82684326171875,0.2060514540237081,0.12253404818895866,0.18540316775194185
