,BLEU,chrF,TER,BERTScore,WER,CER,ROUGE-1,ROUGE-2,ROUGE-L
Phi-3.5-mini-instruct,0.714274762591506,17.768489278806932,741.1985018726591,-0.1366288959980011,7.41697883605957,6.700833320617676,0.10951524620948644,0.030991769003348345,0.09077972694133189
